TenantId,SourceSystem,MG,ManagementGroupName,"TimeGenerated [UTC]",Computer,RawData,"ContainerJobName_s","_timestamp_d","ContainerGroupName_s","time_t [UTC]","ContainerImage_s",Category,"ContainerGroupId_g","ContainerId_g","ContainerName_s","Stream_s","RevisionName_s","ContainerAppName_s","EnvironmentName_s","Log_s",Type,"_ResourceId"
"f992218d-c0bd-4060-b467-6921cd641fac",RestAPI,,,"12/18/2025, 8:44:43.771 PM",,,"rpa-metrics","1766090682.72712","rpa-metrics-6owjz67-zjk4n","12/18/2025, 8:44:42.611 PM","mcrlabsacr1234.azurecr.io/rpa-metrics:v1.2",ContainerAppConsoleLogs,"08994647-10cf-48d9-bcba-f7d980c57906","5fc0e8e5-24db-4934-ac37-c9e7b80f7cc8","rpa-metrics",stdout,,,"greenpond-ffe669f3","2025-12-18 20:44:42,611 INFO src.automation.robot - Login completed.","ContainerAppConsoleLogs_CL",
"f992218d-c0bd-4060-b467-6921cd641fac",RestAPI,,,"12/18/2025, 8:45:21.719 PM",,,"rpa-metrics","1766090720.76402","rpa-metrics-6owjz67-zjk4n","12/18/2025, 8:45:20.723 PM","mcrlabsacr1234.azurecr.io/rpa-metrics:v1.2",ContainerAppConsoleLogs,"08994647-10cf-48d9-bcba-f7d980c57906","5fc0e8e5-24db-4934-ac37-c9e7b80f7cc8","rpa-metrics",stdout,,,"greenpond-ffe669f3","2025-12-18 20:45:20,723 INFO src.automation.robot - Logging into METRC portal.","ContainerAppConsoleLogs_CL",
"f992218d-c0bd-4060-b467-6921cd641fac",RestAPI,,,"12/18/2025, 8:45:28.722 PM",,,"rpa-metrics","1766090728.26802","rpa-metrics-6owjz67-zjk4n","12/18/2025, 8:45:27.902 PM","mcrlabsacr1234.azurecr.io/rpa-metrics:v1.2",ContainerAppConsoleLogs,"08994647-10cf-48d9-bcba-f7d980c57906","5fc0e8e5-24db-4934-ac37-c9e7b80f7cc8","rpa-metrics",stdout,,,"greenpond-ffe669f3","2025-12-18 20:45:27,901 INFO src.automation.robot - Login completed.","ContainerAppConsoleLogs_CL",
"f992218d-c0bd-4060-b467-6921cd641fac",RestAPI,,,"12/18/2025, 8:53:24.795 PM",,,"rpa-metrics","1766091204.21082","rpa-metrics-6owjz67-zjk4n","12/18/2025, 8:53:23.932 PM","mcrlabsacr1234.azurecr.io/rpa-metrics:v1.2",ContainerAppConsoleLogs,"08994647-10cf-48d9-bcba-f7d980c57906","5fc0e8e5-24db-4934-ac37-c9e7b80f7cc8","rpa-metrics",stdout,,,"greenpond-ffe669f3","2025-12-18 20:53:23,931 WARNING src.automation.robot - Keyboard navigation to Filter failed; falling back to mouse interaction.","ContainerAppConsoleLogs_CL",
"f992218d-c0bd-4060-b467-6921cd641fac",RestAPI,,,"12/18/2025, 8:54:28.791 PM",,,"rpa-metrics","1766091268.21844","rpa-metrics-6owjz67-zjk4n","12/18/2025, 8:54:27.829 PM","mcrlabsacr1234.azurecr.io/rpa-metrics:v1.2",ContainerAppConsoleLogs,"08994647-10cf-48d9-bcba-f7d980c57906","5fc0e8e5-24db-4934-ac37-c9e7b80f7cc8","rpa-metrics",stdout,,,"greenpond-ffe669f3","2025-12-18 20:54:27,829 WARNING src.automation.robot - Standard click on Filter button failed; retrying with JS.","ContainerAppConsoleLogs_CL",
"f992218d-c0bd-4060-b467-6921cd641fac",RestAPI,,,"12/18/2025, 8:54:28.791 PM",,,"rpa-metrics","1766091268.21844","rpa-metrics-6owjz67-zjk4n","12/18/2025, 8:54:28.115 PM","mcrlabsacr1234.azurecr.io/rpa-metrics:v1.2",ContainerAppConsoleLogs,"08994647-10cf-48d9-bcba-f7d980c57906","5fc0e8e5-24db-4934-ac37-c9e7b80f7cc8","rpa-metrics",stdout,,,"greenpond-ffe669f3","2025-12-18 20:54:28,115 INFO src.automation.robot - Tag 1A40D030000012D000004236 attempt 1: row count 1","ContainerAppConsoleLogs_CL",
"f992218d-c0bd-4060-b467-6921cd641fac",RestAPI,,,"12/18/2025, 8:54:28.791 PM",,,"rpa-metrics","1766091268.21844","rpa-metrics-6owjz67-zjk4n","12/18/2025, 8:54:28.122 PM","mcrlabsacr1234.azurecr.io/rpa-metrics:v1.2",ContainerAppConsoleLogs,"08994647-10cf-48d9-bcba-f7d980c57906","5fc0e8e5-24db-4934-ac37-c9e7b80f7cc8","rpa-metrics",stdout,,,"greenpond-ffe669f3","2025-12-18 20:54:28,122 INFO src.automation.robot - Applying Tag equals filter for 1A40D0300003B61000007500","ContainerAppConsoleLogs_CL",
"f992218d-c0bd-4060-b467-6921cd641fac",RestAPI,,,"12/18/2025, 8:55:01.744 PM",,,"rpa-metrics","1766091301.21848","rpa-metrics-6owjz67-zjk4n","12/18/2025, 8:55:01.151 PM","mcrlabsacr1234.azurecr.io/rpa-metrics:v1.2",ContainerAppConsoleLogs,"08994647-10cf-48d9-bcba-f7d980c57906","5fc0e8e5-24db-4934-ac37-c9e7b80f7cc8","rpa-metrics",stdout,,,"greenpond-ffe669f3","2025-12-18 20:55:01,150 WARNING src.automation.robot - Keyboard navigation to Filter failed; falling back to mouse interaction.","ContainerAppConsoleLogs_CL",
"f992218d-c0bd-4060-b467-6921cd641fac",RestAPI,,,"12/18/2025, 8:44:38.809 PM",,,"rpa-metrics","1766090677.71956","rpa-metrics-6owjz67-zjk4n","12/18/2025, 8:44:37.695 PM","mcrlabsacr1234.azurecr.io/rpa-metrics:v1.2",ContainerAppConsoleLogs,"08994647-10cf-48d9-bcba-f7d980c57906","5fc0e8e5-24db-4934-ac37-c9e7b80f7cc8","rpa-metrics",stdout,,,"greenpond-ffe669f3","2025-12-18 20:44:37,695 INFO src.automation.robot - Launching Chromium (headless=True)","ContainerAppConsoleLogs_CL",
"f992218d-c0bd-4060-b467-6921cd641fac",RestAPI,,,"12/18/2025, 8:44:39.732 PM",,,"rpa-metrics","1766090679.22899","rpa-metrics-6owjz67-zjk4n","12/18/2025, 8:44:38.961 PM","mcrlabsacr1234.azurecr.io/rpa-metrics:v1.2",ContainerAppConsoleLogs,"08994647-10cf-48d9-bcba-f7d980c57906","5fc0e8e5-24db-4934-ac37-c9e7b80f7cc8","rpa-metrics",stdout,,,"greenpond-ffe669f3","2025-12-18 20:44:38,961 INFO src.automation.robot - Logging into METRC portal.","ContainerAppConsoleLogs_CL",
"f992218d-c0bd-4060-b467-6921cd641fac",RestAPI,,,"12/18/2025, 8:46:48.847 PM",,,"rpa-metrics","1766090807.85019","rpa-metrics-6owjz67-zjk4n","12/18/2025, 8:46:47.676 PM","mcrlabsacr1234.azurecr.io/rpa-metrics:v1.2",ContainerAppConsoleLogs,"08994647-10cf-48d9-bcba-f7d980c57906","5fc0e8e5-24db-4934-ac37-c9e7b80f7cc8","rpa-metrics",stdout,,,"greenpond-ffe669f3","2025-12-18 20:46:47,676 INFO src.automation.robot - Found 1 system alert(s) to dismiss.","ContainerAppConsoleLogs_CL",
"f992218d-c0bd-4060-b467-6921cd641fac",RestAPI,,,"12/18/2025, 8:46:48.847 PM",,,"rpa-metrics","1766090807.8502","rpa-metrics-6owjz67-zjk4n","12/18/2025, 8:46:47.731 PM","mcrlabsacr1234.azurecr.io/rpa-metrics:v1.2",ContainerAppConsoleLogs,"08994647-10cf-48d9-bcba-f7d980c57906","5fc0e8e5-24db-4934-ac37-c9e7b80f7cc8","rpa-metrics",stdout,,,"greenpond-ffe669f3","2025-12-18 20:46:47,731 INFO src.automation.robot - Clicked system alert dismiss button.","ContainerAppConsoleLogs_CL",
"f992218d-c0bd-4060-b467-6921cd641fac",RestAPI,,,"12/18/2025, 8:47:10.671 PM",,,"rpa-metrics","1766090829.86518","rpa-metrics-6owjz67-zjk4n","12/18/2025, 8:47:09.545 PM","mcrlabsacr1234.azurecr.io/rpa-metrics:v1.2",ContainerAppConsoleLogs,"08994647-10cf-48d9-bcba-f7d980c57906","5fc0e8e5-24db-4934-ac37-c9e7b80f7cc8","rpa-metrics",stdout,,,"greenpond-ffe669f3","2025-12-18 20:47:09,545 WARNING src.automation.robot - Standard click on Filter button failed; retrying with JS.","ContainerAppConsoleLogs_CL",
"f992218d-c0bd-4060-b467-6921cd641fac",RestAPI,,,"12/18/2025, 8:47:10.671 PM",,,"rpa-metrics","1766090829.86518","rpa-metrics-6owjz67-zjk4n","12/18/2025, 8:47:09.826 PM","mcrlabsacr1234.azurecr.io/rpa-metrics:v1.2",ContainerAppConsoleLogs,"08994647-10cf-48d9-bcba-f7d980c57906","5fc0e8e5-24db-4934-ac37-c9e7b80f7cc8","rpa-metrics",stdout,,,"greenpond-ffe669f3","2025-12-18 20:47:09,826 INFO src.automation.robot - Tag 1A40D030000701D000008911 attempt 1: row count 1","ContainerAppConsoleLogs_CL",
"f992218d-c0bd-4060-b467-6921cd641fac",RestAPI,,,"12/18/2025, 8:47:10.671 PM",,,"rpa-metrics","1766090829.86518","rpa-metrics-6owjz67-zjk4n","12/18/2025, 8:47:09.833 PM","mcrlabsacr1234.azurecr.io/rpa-metrics:v1.2",ContainerAppConsoleLogs,"08994647-10cf-48d9-bcba-f7d980c57906","5fc0e8e5-24db-4934-ac37-c9e7b80f7cc8","rpa-metrics",stdout,,,"greenpond-ffe669f3","2025-12-18 20:47:09,832 INFO src.automation.robot - Applying Tag equals filter for 1A40D030000701D000008912","ContainerAppConsoleLogs_CL",
"f992218d-c0bd-4060-b467-6921cd641fac",RestAPI,,,"12/18/2025, 8:47:43.758 PM",,,"rpa-metrics","1766090862.88802","rpa-metrics-6owjz67-zjk4n","12/18/2025, 8:47:42.857 PM","mcrlabsacr1234.azurecr.io/rpa-metrics:v1.2",ContainerAppConsoleLogs,"08994647-10cf-48d9-bcba-f7d980c57906","5fc0e8e5-24db-4934-ac37-c9e7b80f7cc8","rpa-metrics",stdout,,,"greenpond-ffe669f3","2025-12-18 20:47:42,857 WARNING src.automation.robot - Keyboard navigation to Filter failed; falling back to mouse interaction.","ContainerAppConsoleLogs_CL",
"f992218d-c0bd-4060-b467-6921cd641fac",RestAPI,,,"12/18/2025, 8:47:53.748 PM",,,"rpa-metrics","1766090873.39569","rpa-metrics-6owjz67-zjk4n","12/18/2025, 8:47:53.122 PM","mcrlabsacr1234.azurecr.io/rpa-metrics:v1.2",ContainerAppConsoleLogs,"08994647-10cf-48d9-bcba-f7d980c57906","5fc0e8e5-24db-4934-ac37-c9e7b80f7cc8","rpa-metrics",stdout,,,"greenpond-ffe669f3","2025-12-18 20:47:53,121 WARNING src.automation.robot - Standard fill failed for tag filter input; retrying with JS.","ContainerAppConsoleLogs_CL",
"f992218d-c0bd-4060-b467-6921cd641fac",RestAPI,,,"12/18/2025, 8:47:59.915 PM",,,"rpa-metrics","1766090878.90363","rpa-metrics-6owjz67-zjk4n","12/18/2025, 8:47:58.415 PM","mcrlabsacr1234.azurecr.io/rpa-metrics:v1.2",ContainerAppConsoleLogs,"08994647-10cf-48d9-bcba-f7d980c57906","5fc0e8e5-24db-4934-ac37-c9e7b80f7cc8","rpa-metrics",stdout,,,"greenpond-ffe669f3","2025-12-18 20:47:58,414 INFO src.automation.robot - Applying Tag equals filter for 1A40D030000701D000008913","ContainerAppConsoleLogs_CL",
"f992218d-c0bd-4060-b467-6921cd641fac",RestAPI,,,"12/18/2025, 8:49:31.703 PM",,,"rpa-metrics","1766090970.98218","rpa-metrics-6owjz67-zjk4n","12/18/2025, 8:49:30.763 PM","mcrlabsacr1234.azurecr.io/rpa-metrics:v1.2",ContainerAppConsoleLogs,"08994647-10cf-48d9-bcba-f7d980c57906","5fc0e8e5-24db-4934-ac37-c9e7b80f7cc8","rpa-metrics",stdout,,,"greenpond-ffe669f3","2025-12-18 20:49:30,762 WARNING src.automation.robot - Standard fill failed for tag filter input; retrying with JS.","ContainerAppConsoleLogs_CL",
"f992218d-c0bd-4060-b467-6921cd641fac",RestAPI,,,"12/18/2025, 8:50:09.823 PM",,,"rpa-metrics","1766091009.51233","rpa-metrics-6owjz67-zjk4n","12/18/2025, 8:50:09.330 PM","mcrlabsacr1234.azurecr.io/rpa-metrics:v1.2",ContainerAppConsoleLogs,"08994647-10cf-48d9-bcba-f7d980c57906","5fc0e8e5-24db-4934-ac37-c9e7b80f7cc8","rpa-metrics",stdout,,,"greenpond-ffe669f3","2025-12-18 20:50:09,330 WARNING src.automation.robot - Keyboard navigation to Filter failed; falling back to mouse interaction.","ContainerAppConsoleLogs_CL",
"f992218d-c0bd-4060-b467-6921cd641fac",RestAPI,,,"12/18/2025, 8:50:20.751 PM",,,"rpa-metrics","1766091020.01502","rpa-metrics-6owjz67-zjk4n","12/18/2025, 8:50:19.605 PM","mcrlabsacr1234.azurecr.io/rpa-metrics:v1.2",ContainerAppConsoleLogs,"08994647-10cf-48d9-bcba-f7d980c57906","5fc0e8e5-24db-4934-ac37-c9e7b80f7cc8","rpa-metrics",stdout,,,"greenpond-ffe669f3","2025-12-18 20:50:19,605 WARNING src.automation.robot - Standard fill failed for tag filter input; retrying with JS.","ContainerAppConsoleLogs_CL",
"f992218d-c0bd-4060-b467-6921cd641fac",RestAPI,,,"12/18/2025, 8:50:26.193 PM",,,"rpa-metrics","1766091025.0266","rpa-metrics-6owjz67-zjk4n","12/18/2025, 8:50:24.617 PM","mcrlabsacr1234.azurecr.io/rpa-metrics:v1.2",ContainerAppConsoleLogs,"08994647-10cf-48d9-bcba-f7d980c57906","5fc0e8e5-24db-4934-ac37-c9e7b80f7cc8","rpa-metrics",stdout,,,"greenpond-ffe669f3","2025-12-18 20:50:24,616 WARNING src.automation.robot - Standard click on Filter button failed; retrying with JS.","ContainerAppConsoleLogs_CL",
"f992218d-c0bd-4060-b467-6921cd641fac",RestAPI,,,"12/18/2025, 8:50:26.193 PM",,,"rpa-metrics","1766091025.02661","rpa-metrics-6owjz67-zjk4n","12/18/2025, 8:50:24.919 PM","mcrlabsacr1234.azurecr.io/rpa-metrics:v1.2",ContainerAppConsoleLogs,"08994647-10cf-48d9-bcba-f7d980c57906","5fc0e8e5-24db-4934-ac37-c9e7b80f7cc8","rpa-metrics",stdout,,,"greenpond-ffe669f3","2025-12-18 20:50:24,919 INFO src.automation.robot - Tag 1A40D030000701D000009020 attempt 1: row count 1","ContainerAppConsoleLogs_CL",
"f992218d-c0bd-4060-b467-6921cd641fac",RestAPI,,,"12/18/2025, 8:50:26.193 PM",,,"rpa-metrics","1766091025.02661","rpa-metrics-6owjz67-zjk4n","12/18/2025, 8:50:24.927 PM","mcrlabsacr1234.azurecr.io/rpa-metrics:v1.2",ContainerAppConsoleLogs,"08994647-10cf-48d9-bcba-f7d980c57906","5fc0e8e5-24db-4934-ac37-c9e7b80f7cc8","rpa-metrics",stdout,,,"greenpond-ffe669f3","2025-12-18 20:50:24,926 INFO src.automation.robot - Applying Tag equals filter for 1A40D030000A5A1000005999","ContainerAppConsoleLogs_CL",
"f992218d-c0bd-4060-b467-6921cd641fac",RestAPI,,,"12/18/2025, 8:50:58.842 PM",,,"rpa-metrics","1766091058.06641","rpa-metrics-6owjz67-zjk4n","12/18/2025, 8:50:57.972 PM","mcrlabsacr1234.azurecr.io/rpa-metrics:v1.2",ContainerAppConsoleLogs,"08994647-10cf-48d9-bcba-f7d980c57906","5fc0e8e5-24db-4934-ac37-c9e7b80f7cc8","rpa-metrics",stdout,,,"greenpond-ffe669f3","2025-12-18 20:50:57,972 WARNING src.automation.robot - Keyboard navigation to Filter failed; falling back to mouse interaction.","ContainerAppConsoleLogs_CL",
"f992218d-c0bd-4060-b467-6921cd641fac",RestAPI,,,"12/18/2025, 8:51:13.801 PM",,,"rpa-metrics","1766091073.5875","rpa-metrics-6owjz67-zjk4n","12/18/2025, 8:51:13.253 PM","mcrlabsacr1234.azurecr.io/rpa-metrics:v1.2",ContainerAppConsoleLogs,"08994647-10cf-48d9-bcba-f7d980c57906","5fc0e8e5-24db-4934-ac37-c9e7b80f7cc8","rpa-metrics",stdout,,,"greenpond-ffe669f3","2025-12-18 20:51:13,253 WARNING src.automation.robot - Standard click on Filter button failed; retrying with JS.","ContainerAppConsoleLogs_CL",
"f992218d-c0bd-4060-b467-6921cd641fac",RestAPI,,,"12/18/2025, 8:51:13.801 PM",,,"rpa-metrics","1766091073.58751","rpa-metrics-6owjz67-zjk4n","12/18/2025, 8:51:13.510 PM","mcrlabsacr1234.azurecr.io/rpa-metrics:v1.2",ContainerAppConsoleLogs,"08994647-10cf-48d9-bcba-f7d980c57906","5fc0e8e5-24db-4934-ac37-c9e7b80f7cc8","rpa-metrics",stdout,,,"greenpond-ffe669f3","2025-12-18 20:51:13,509 INFO src.automation.robot - Tag 1A40D030000A5A1000005999 attempt 1: row count 1","ContainerAppConsoleLogs_CL",
"f992218d-c0bd-4060-b467-6921cd641fac",RestAPI,,,"12/18/2025, 8:51:13.801 PM",,,"rpa-metrics","1766091073.58751","rpa-metrics-6owjz67-zjk4n","12/18/2025, 8:51:13.519 PM","mcrlabsacr1234.azurecr.io/rpa-metrics:v1.2",ContainerAppConsoleLogs,"08994647-10cf-48d9-bcba-f7d980c57906","5fc0e8e5-24db-4934-ac37-c9e7b80f7cc8","rpa-metrics",stdout,,,"greenpond-ffe669f3","2025-12-18 20:51:13,519 INFO src.automation.robot - Applying Tag equals filter for 1A40D030000701D000009026","ContainerAppConsoleLogs_CL",
"f992218d-c0bd-4060-b467-6921cd641fac",RestAPI,,,"12/18/2025, 8:51:47.765 PM",,,"rpa-metrics","1766091106.62504","rpa-metrics-6owjz67-zjk4n","12/18/2025, 8:51:46.548 PM","mcrlabsacr1234.azurecr.io/rpa-metrics:v1.2",ContainerAppConsoleLogs,"08994647-10cf-48d9-bcba-f7d980c57906","5fc0e8e5-24db-4934-ac37-c9e7b80f7cc8","rpa-metrics",stdout,,,"greenpond-ffe669f3","2025-12-18 20:51:46,548 WARNING src.automation.robot - Keyboard navigation to Filter failed; falling back to mouse interaction.","ContainerAppConsoleLogs_CL",
"f992218d-c0bd-4060-b467-6921cd641fac",RestAPI,,,"12/18/2025, 8:51:57.788 PM",,,"rpa-metrics","1766091117.13895","rpa-metrics-6owjz67-zjk4n","12/18/2025, 8:51:56.812 PM","mcrlabsacr1234.azurecr.io/rpa-metrics:v1.2",ContainerAppConsoleLogs,"08994647-10cf-48d9-bcba-f7d980c57906","5fc0e8e5-24db-4934-ac37-c9e7b80f7cc8","rpa-metrics",stdout,,,"greenpond-ffe669f3","2025-12-18 20:51:56,812 WARNING src.automation.robot - Standard fill failed for tag filter input; retrying with JS.","ContainerAppConsoleLogs_CL",
"f992218d-c0bd-4060-b467-6921cd641fac",RestAPI,,,"12/18/2025, 8:52:02.990 PM",,,"rpa-metrics","1766091122.1543","rpa-metrics-6owjz67-zjk4n","12/18/2025, 8:52:01.824 PM","mcrlabsacr1234.azurecr.io/rpa-metrics:v1.2",ContainerAppConsoleLogs,"08994647-10cf-48d9-bcba-f7d980c57906","5fc0e8e5-24db-4934-ac37-c9e7b80f7cc8","rpa-metrics",stdout,,,"greenpond-ffe669f3","2025-12-18 20:52:01,824 WARNING src.automation.robot - Standard click on Filter button failed; retrying with JS.","ContainerAppConsoleLogs_CL",
"f992218d-c0bd-4060-b467-6921cd641fac",RestAPI,,,"12/18/2025, 8:52:02.990 PM",,,"rpa-metrics","1766091122.1543","rpa-metrics-6owjz67-zjk4n","12/18/2025, 8:52:02.034 PM","mcrlabsacr1234.azurecr.io/rpa-metrics:v1.2",ContainerAppConsoleLogs,"08994647-10cf-48d9-bcba-f7d980c57906","5fc0e8e5-24db-4934-ac37-c9e7b80f7cc8","rpa-metrics",stdout,,,"greenpond-ffe669f3","2025-12-18 20:52:02,034 INFO src.automation.robot - Tag 1A40D030000701D000009026 attempt 1: row count 1","ContainerAppConsoleLogs_CL",
"f992218d-c0bd-4060-b467-6921cd641fac",RestAPI,,,"12/18/2025, 8:52:02.990 PM",,,"rpa-metrics","1766091122.1543","rpa-metrics-6owjz67-zjk4n","12/18/2025, 8:52:02.116 PM","mcrlabsacr1234.azurecr.io/rpa-metrics:v1.2",ContainerAppConsoleLogs,"08994647-10cf-48d9-bcba-f7d980c57906","5fc0e8e5-24db-4934-ac37-c9e7b80f7cc8","rpa-metrics",stdout,,,"greenpond-ffe669f3","2025-12-18 20:52:02,115 INFO src.automation.robot - Applying Tag equals filter for 1A40D030000012D000004230","ContainerAppConsoleLogs_CL",
"f992218d-c0bd-4060-b467-6921cd641fac",RestAPI,,,"12/18/2025, 8:55:12.726 PM",,,"rpa-metrics","1766091311.71982","rpa-metrics-6owjz67-zjk4n","12/18/2025, 8:55:11.439 PM","mcrlabsacr1234.azurecr.io/rpa-metrics:v1.2",ContainerAppConsoleLogs,"08994647-10cf-48d9-bcba-f7d980c57906","5fc0e8e5-24db-4934-ac37-c9e7b80f7cc8","rpa-metrics",stdout,,,"greenpond-ffe669f3","2025-12-18 20:55:11,439 WARNING src.automation.robot - Standard fill failed for tag filter input; retrying with JS.","ContainerAppConsoleLogs_CL",
"f992218d-c0bd-4060-b467-6921cd641fac",RestAPI,,,"12/18/2025, 8:55:50.754 PM",,,"rpa-metrics","1766091350.21886","rpa-metrics-6owjz67-zjk4n","12/18/2025, 8:55:50.131 PM","mcrlabsacr1234.azurecr.io/rpa-metrics:v1.2",ContainerAppConsoleLogs,"08994647-10cf-48d9-bcba-f7d980c57906","5fc0e8e5-24db-4934-ac37-c9e7b80f7cc8","rpa-metrics",stdout,,,"greenpond-ffe669f3","2025-12-18 20:55:50,131 WARNING src.automation.robot - Keyboard navigation to Filter failed; falling back to mouse interaction.","ContainerAppConsoleLogs_CL",
"f992218d-c0bd-4060-b467-6921cd641fac",RestAPI,,,"12/18/2025, 8:44:57.830 PM",,,"rpa-metrics","1766090696.7432","rpa-metrics-6owjz67-zjk4n","12/18/2025, 8:44:56.647 PM","mcrlabsacr1234.azurecr.io/rpa-metrics:v1.2",ContainerAppConsoleLogs,"08994647-10cf-48d9-bcba-f7d980c57906","5fc0e8e5-24db-4934-ac37-c9e7b80f7cc8","rpa-metrics",stdout,,,"greenpond-ffe669f3","2025-12-18 20:44:56,646 INFO src.automation.robot - Found 2 system alert(s) to dismiss.","ContainerAppConsoleLogs_CL",
"f992218d-c0bd-4060-b467-6921cd641fac",RestAPI,,,"12/18/2025, 8:44:57.830 PM",,,"rpa-metrics","1766090696.7432","rpa-metrics-6owjz67-zjk4n","12/18/2025, 8:44:56.717 PM","mcrlabsacr1234.azurecr.io/rpa-metrics:v1.2",ContainerAppConsoleLogs,"08994647-10cf-48d9-bcba-f7d980c57906","5fc0e8e5-24db-4934-ac37-c9e7b80f7cc8","rpa-metrics",stdout,,,"greenpond-ffe669f3","2025-12-18 20:44:56,717 INFO src.automation.robot - Clicked system alert dismiss button.","ContainerAppConsoleLogs_CL",
"f992218d-c0bd-4060-b467-6921cd641fac",RestAPI,,,"12/18/2025, 8:44:57.830 PM",,,"rpa-metrics","1766090697.24278","rpa-metrics-6owjz67-zjk4n","12/18/2025, 8:44:57.223 PM","mcrlabsacr1234.azurecr.io/rpa-metrics:v1.2",ContainerAppConsoleLogs,"08994647-10cf-48d9-bcba-f7d980c57906","5fc0e8e5-24db-4934-ac37-c9e7b80f7cc8","rpa-metrics",stdout,,,"greenpond-ffe669f3","2025-12-18 20:44:57,222 INFO src.automation.robot - Applying Lab Test Status filter (term 'pro').","ContainerAppConsoleLogs_CL",
"f992218d-c0bd-4060-b467-6921cd641fac",RestAPI,,,"12/18/2025, 8:45:16.906 PM",,,"rpa-metrics","1766090715.75625","rpa-metrics-6owjz67-zjk4n","12/18/2025, 8:45:15.316 PM","mcrlabsacr1234.azurecr.io/rpa-metrics:v1.2",ContainerAppConsoleLogs,"08994647-10cf-48d9-bcba-f7d980c57906","5fc0e8e5-24db-4934-ac37-c9e7b80f7cc8","rpa-metrics",stdout,,,"greenpond-ffe669f3","2025-12-18 20:45:15,316 INFO src.automation.robot - Clicked system alert dismiss button.","ContainerAppConsoleLogs_CL",
"f992218d-c0bd-4060-b467-6921cd641fac",RestAPI,,,"12/18/2025, 8:45:19.707 PM",,,"rpa-metrics","1766090718.76348","rpa-metrics-6owjz67-zjk4n","12/18/2025, 8:45:18.438 PM","mcrlabsacr1234.azurecr.io/rpa-metrics:v1.2",ContainerAppConsoleLogs,"08994647-10cf-48d9-bcba-f7d980c57906","5fc0e8e5-24db-4934-ac37-c9e7b80f7cc8","rpa-metrics",stdout,,,"greenpond-ffe669f3","2025-12-18 20:45:18,438 INFO src.automation.robot - Date validation (last 30 days): kept 0 of 1 rows","ContainerAppConsoleLogs_CL",
"f992218d-c0bd-4060-b467-6921cd641fac",RestAPI,,,"12/18/2025, 8:45:19.707 PM",,,"rpa-metrics","1766090718.76349","rpa-metrics-6owjz67-zjk4n","12/18/2025, 8:45:18.438 PM","mcrlabsacr1234.azurecr.io/rpa-metrics:v1.2",ContainerAppConsoleLogs,"08994647-10cf-48d9-bcba-f7d980c57906","5fc0e8e5-24db-4934-ac37-c9e7b80f7cc8","rpa-metrics",stdout,,,"greenpond-ffe669f3","2025-12-18 20:45:18,438 WARNING src.automation.robot - Discarded 1 rows outside date range.","ContainerAppConsoleLogs_CL",
"f992218d-c0bd-4060-b467-6921cd641fac",RestAPI,,,"12/18/2025, 8:45:19.707 PM",,,"rpa-metrics","1766090718.76349","rpa-metrics-6owjz67-zjk4n","12/18/2025, 8:45:18.438 PM","mcrlabsacr1234.azurecr.io/rpa-metrics:v1.2",ContainerAppConsoleLogs,"08994647-10cf-48d9-bcba-f7d980c57906","5fc0e8e5-24db-4934-ac37-c9e7b80f7cc8","rpa-metrics",stdout,,,"greenpond-ffe669f3","2025-12-18 20:45:18,438 INFO src.automation.robot - TestingInProgress filter: kept 0 of 0 rows after date check.","ContainerAppConsoleLogs_CL",
"f992218d-c0bd-4060-b467-6921cd641fac",RestAPI,,,"12/18/2025, 8:45:19.707 PM",,,"rpa-metrics","1766090718.76349","rpa-metrics-6owjz67-zjk4n","12/18/2025, 8:45:18.658 PM","mcrlabsacr1234.azurecr.io/rpa-metrics:v1.2",ContainerAppConsoleLogs,"08994647-10cf-48d9-bcba-f7d980c57906","5fc0e8e5-24db-4934-ac37-c9e7b80f7cc8","rpa-metrics",stdout,,,"greenpond-ffe669f3","2025-12-18 20:45:18,657 INFO src.services.pipeline - Robot extracted 0 rows (post date + TestingInProgress filters)","ContainerAppConsoleLogs_CL",
"f992218d-c0bd-4060-b467-6921cd641fac",RestAPI,,,"12/18/2025, 8:45:19.707 PM",,,"rpa-metrics","1766090718.76349","rpa-metrics-6owjz67-zjk4n","12/18/2025, 8:45:18.658 PM","mcrlabsacr1234.azurecr.io/rpa-metrics:v1.2",ContainerAppConsoleLogs,"08994647-10cf-48d9-bcba-f7d980c57906","5fc0e8e5-24db-4934-ac37-c9e7b80f7cc8","rpa-metrics",stdout,,,"greenpond-ffe669f3","2025-12-18 20:45:18,657 WARNING src.services.pipeline - Routine 1: no new rows persisted.","ContainerAppConsoleLogs_CL",
"f992218d-c0bd-4060-b467-6921cd641fac",RestAPI,,,"12/18/2025, 8:45:19.707 PM",,,"rpa-metrics","1766090719.26318","rpa-metrics-6owjz67-zjk4n","12/18/2025, 8:45:18.789 PM","mcrlabsacr1234.azurecr.io/rpa-metrics:v1.2",ContainerAppConsoleLogs,"08994647-10cf-48d9-bcba-f7d980c57906","5fc0e8e5-24db-4934-ac37-c9e7b80f7cc8","rpa-metrics",stdout,,,"greenpond-ffe669f3","2025-12-18 20:45:18,788 INFO src.services.pipeline - Routine 2: checking 22 records in date range 2025-11-18 - 2025-12-18 (of 26 in DB).","ContainerAppConsoleLogs_CL",
"f992218d-c0bd-4060-b467-6921cd641fac",RestAPI,,,"12/18/2025, 8:45:15.773 PM",,,"rpa-metrics","1766090715.25516","rpa-metrics-6owjz67-zjk4n","12/18/2025, 8:45:15.252 PM","mcrlabsacr1234.azurecr.io/rpa-metrics:v1.2",ContainerAppConsoleLogs,"08994647-10cf-48d9-bcba-f7d980c57906","5fc0e8e5-24db-4934-ac37-c9e7b80f7cc8","rpa-metrics",stdout,,,"greenpond-ffe669f3","2025-12-18 20:45:15,252 INFO src.automation.robot - Found 1 system alert(s) to dismiss.","ContainerAppConsoleLogs_CL",
"f992218d-c0bd-4060-b467-6921cd641fac",RestAPI,,,"12/18/2025, 8:45:18.716 PM",,,"rpa-metrics","1766090718.26456","rpa-metrics-6owjz67-zjk4n","12/18/2025, 8:45:17.923 PM","mcrlabsacr1234.azurecr.io/rpa-metrics:v1.2",ContainerAppConsoleLogs,"08994647-10cf-48d9-bcba-f7d980c57906","5fc0e8e5-24db-4934-ac37-c9e7b80f7cc8","rpa-metrics",stdout,,,"greenpond-ffe669f3","2025-12-18 20:45:17,922 INFO src.automation.robot - Row count after status filter: 1","ContainerAppConsoleLogs_CL",
"f992218d-c0bd-4060-b467-6921cd641fac",RestAPI,,,"12/18/2025, 8:45:18.716 PM",,,"rpa-metrics","1766090718.26457","rpa-metrics-6owjz67-zjk4n","12/18/2025, 8:45:17.929 PM","mcrlabsacr1234.azurecr.io/rpa-metrics:v1.2",ContainerAppConsoleLogs,"08994647-10cf-48d9-bcba-f7d980c57906","5fc0e8e5-24db-4934-ac37-c9e7b80f7cc8","rpa-metrics",stdout,,,"greenpond-ffe669f3","2025-12-18 20:45:17,928 INFO src.automation.robot - Extracting table rows after filter.","ContainerAppConsoleLogs_CL",
"f992218d-c0bd-4060-b467-6921cd641fac",RestAPI,,,"12/18/2025, 8:45:18.716 PM",,,"rpa-metrics","1766090718.26457","rpa-metrics-6owjz67-zjk4n","12/18/2025, 8:45:17.931 PM","mcrlabsacr1234.azurecr.io/rpa-metrics:v1.2",ContainerAppConsoleLogs,"08994647-10cf-48d9-bcba-f7d980c57906","5fc0e8e5-24db-4934-ac37-c9e7b80f7cc8","rpa-metrics",stdout,,,"greenpond-ffe669f3","2025-12-18 20:45:17,931 INFO src.automation.robot - Found 1 rows.","ContainerAppConsoleLogs_CL",
"f992218d-c0bd-4060-b467-6921cd641fac",RestAPI,,,"12/18/2025, 8:45:20.723 PM",,,"rpa-metrics","1766090719.76363","rpa-metrics-6owjz67-zjk4n","12/18/2025, 8:45:19.518 PM","mcrlabsacr1234.azurecr.io/rpa-metrics:v1.2",ContainerAppConsoleLogs,"08994647-10cf-48d9-bcba-f7d980c57906","5fc0e8e5-24db-4934-ac37-c9e7b80f7cc8","rpa-metrics",stdout,,,"greenpond-ffe669f3","2025-12-18 20:45:19,518 INFO src.automation.robot - Launching Chromium (headless=True)","ContainerAppConsoleLogs_CL",
"f992218d-c0bd-4060-b467-6921cd641fac",RestAPI,,,"12/18/2025, 8:45:43.703 PM",,,"rpa-metrics","1766090742.78413","rpa-metrics-6owjz67-zjk4n","12/18/2025, 8:45:42.456 PM","mcrlabsacr1234.azurecr.io/rpa-metrics:v1.2",ContainerAppConsoleLogs,"08994647-10cf-48d9-bcba-f7d980c57906","5fc0e8e5-24db-4934-ac37-c9e7b80f7cc8","rpa-metrics",stdout,,,"greenpond-ffe669f3","2025-12-18 20:45:42,456 INFO src.automation.robot - Applying Tag equals filter for 1A40D030000701D000008910","ContainerAppConsoleLogs_CL",
"f992218d-c0bd-4060-b467-6921cd641fac",RestAPI,,,"12/18/2025, 8:46:10.680 PM",,,"rpa-metrics","1766090769.81027","rpa-metrics-6owjz67-zjk4n","12/18/2025, 8:46:09.501 PM","mcrlabsacr1234.azurecr.io/rpa-metrics:v1.2",ContainerAppConsoleLogs,"08994647-10cf-48d9-bcba-f7d980c57906","5fc0e8e5-24db-4934-ac37-c9e7b80f7cc8","rpa-metrics",stdout,,,"greenpond-ffe669f3","2025-12-18 20:46:09,500 INFO src.automation.robot - Found 2 system alert(s) to dismiss.","ContainerAppConsoleLogs_CL",
"f992218d-c0bd-4060-b467-6921cd641fac",RestAPI,,,"12/18/2025, 8:46:10.680 PM",,,"rpa-metrics","1766090769.81027","rpa-metrics-6owjz67-zjk4n","12/18/2025, 8:46:09.552 PM","mcrlabsacr1234.azurecr.io/rpa-metrics:v1.2",ContainerAppConsoleLogs,"08994647-10cf-48d9-bcba-f7d980c57906","5fc0e8e5-24db-4934-ac37-c9e7b80f7cc8","rpa-metrics",stdout,,,"greenpond-ffe669f3","2025-12-18 20:46:09,551 INFO src.automation.robot - Clicked system alert dismiss button.","ContainerAppConsoleLogs_CL",
"f992218d-c0bd-4060-b467-6921cd641fac",RestAPI,,,"12/18/2025, 8:46:21.662 PM",,,"rpa-metrics","1766090780.82164","rpa-metrics-6owjz67-zjk4n","12/18/2025, 8:46:20.618 PM","mcrlabsacr1234.azurecr.io/rpa-metrics:v1.2",ContainerAppConsoleLogs,"08994647-10cf-48d9-bcba-f7d980c57906","5fc0e8e5-24db-4934-ac37-c9e7b80f7cc8","rpa-metrics",stdout,,,"greenpond-ffe669f3","2025-12-18 20:46:20,617 INFO src.automation.robot - Tag 1A40D030000701D000008910 attempt 1: row count 1","ContainerAppConsoleLogs_CL",
"f992218d-c0bd-4060-b467-6921cd641fac",RestAPI,,,"12/18/2025, 8:46:21.662 PM",,,"rpa-metrics","1766090780.82164","rpa-metrics-6owjz67-zjk4n","12/18/2025, 8:46:20.628 PM","mcrlabsacr1234.azurecr.io/rpa-metrics:v1.2",ContainerAppConsoleLogs,"08994647-10cf-48d9-bcba-f7d980c57906","5fc0e8e5-24db-4934-ac37-c9e7b80f7cc8","rpa-metrics",stdout,,,"greenpond-ffe669f3","2025-12-18 20:46:20,628 INFO src.automation.robot - Applying Tag equals filter for 1A40D030000701D000008911","ContainerAppConsoleLogs_CL",
"f992218d-c0bd-4060-b467-6921cd641fac",RestAPI,,,"12/18/2025, 8:47:05.720 PM",,,"rpa-metrics","1766090824.85581","rpa-metrics-6owjz67-zjk4n","12/18/2025, 8:47:04.534 PM","mcrlabsacr1234.azurecr.io/rpa-metrics:v1.2",ContainerAppConsoleLogs,"08994647-10cf-48d9-bcba-f7d980c57906","5fc0e8e5-24db-4934-ac37-c9e7b80f7cc8","rpa-metrics",stdout,,,"greenpond-ffe669f3","2025-12-18 20:47:04,533 WARNING src.automation.robot - Standard fill failed for tag filter input; retrying with JS.","ContainerAppConsoleLogs_CL",
"f992218d-c0bd-4060-b467-6921cd641fac",RestAPI,,,"12/18/2025, 8:47:58.723 PM",,,"rpa-metrics","1766090878.40363","rpa-metrics-6owjz67-zjk4n","12/18/2025, 8:47:58.132 PM","mcrlabsacr1234.azurecr.io/rpa-metrics:v1.2",ContainerAppConsoleLogs,"08994647-10cf-48d9-bcba-f7d980c57906","5fc0e8e5-24db-4934-ac37-c9e7b80f7cc8","rpa-metrics",stdout,,,"greenpond-ffe669f3","2025-12-18 20:47:58,132 WARNING src.automation.robot - Standard click on Filter button failed; retrying with JS.","ContainerAppConsoleLogs_CL",
"f992218d-c0bd-4060-b467-6921cd641fac",RestAPI,,,"12/18/2025, 8:47:58.723 PM",,,"rpa-metrics","1766090878.40363","rpa-metrics-6owjz67-zjk4n","12/18/2025, 8:47:58.330 PM","mcrlabsacr1234.azurecr.io/rpa-metrics:v1.2",ContainerAppConsoleLogs,"08994647-10cf-48d9-bcba-f7d980c57906","5fc0e8e5-24db-4934-ac37-c9e7b80f7cc8","rpa-metrics",stdout,,,"greenpond-ffe669f3","2025-12-18 20:47:58,329 INFO src.automation.robot - Tag 1A40D030000701D000008912 attempt 1: row count 1","ContainerAppConsoleLogs_CL",
"f992218d-c0bd-4060-b467-6921cd641fac",RestAPI,,,"12/18/2025, 8:48:47.734 PM",,,"rpa-metrics","1766090926.97821","rpa-metrics-6owjz67-zjk4n","12/18/2025, 8:48:46.738 PM","mcrlabsacr1234.azurecr.io/rpa-metrics:v1.2",ContainerAppConsoleLogs,"08994647-10cf-48d9-bcba-f7d980c57906","5fc0e8e5-24db-4934-ac37-c9e7b80f7cc8","rpa-metrics",stdout,,,"greenpond-ffe669f3","2025-12-18 20:48:46,738 WARNING src.automation.robot - Standard click on Filter button failed; retrying with JS.","ContainerAppConsoleLogs_CL",
"f992218d-c0bd-4060-b467-6921cd641fac",RestAPI,,,"12/18/2025, 8:48:47.734 PM",,,"rpa-metrics","1766090927.47889","rpa-metrics-6owjz67-zjk4n","12/18/2025, 8:48:47.211 PM","mcrlabsacr1234.azurecr.io/rpa-metrics:v1.2",ContainerAppConsoleLogs,"08994647-10cf-48d9-bcba-f7d980c57906","5fc0e8e5-24db-4934-ac37-c9e7b80f7cc8","rpa-metrics",stdout,,,"greenpond-ffe669f3","2025-12-18 20:48:47,211 INFO src.automation.robot - Tag 1A40D030000701D000008913 attempt 1: row count 1","ContainerAppConsoleLogs_CL",
"f992218d-c0bd-4060-b467-6921cd641fac",RestAPI,,,"12/18/2025, 8:48:47.734 PM",,,"rpa-metrics","1766090927.47889","rpa-metrics-6owjz67-zjk4n","12/18/2025, 8:48:47.225 PM","mcrlabsacr1234.azurecr.io/rpa-metrics:v1.2",ContainerAppConsoleLogs,"08994647-10cf-48d9-bcba-f7d980c57906","5fc0e8e5-24db-4934-ac37-c9e7b80f7cc8","rpa-metrics",stdout,,,"greenpond-ffe669f3","2025-12-18 20:48:47,225 INFO src.automation.robot - Applying Tag equals filter for 1A40D030000701D000009019","ContainerAppConsoleLogs_CL",
"f992218d-c0bd-4060-b467-6921cd641fac",RestAPI,,,"12/18/2025, 8:52:35.820 PM",,,"rpa-metrics","1766091155.16986","rpa-metrics-6owjz67-zjk4n","12/18/2025, 8:52:35.161 PM","mcrlabsacr1234.azurecr.io/rpa-metrics:v1.2",ContainerAppConsoleLogs,"08994647-10cf-48d9-bcba-f7d980c57906","5fc0e8e5-24db-4934-ac37-c9e7b80f7cc8","rpa-metrics",stdout,,,"greenpond-ffe669f3","2025-12-18 20:52:35,160 WARNING src.automation.robot - Keyboard navigation to Filter failed; falling back to mouse interaction.","ContainerAppConsoleLogs_CL",
"f992218d-c0bd-4060-b467-6921cd641fac",RestAPI,,,"12/18/2025, 8:52:46.798 PM",,,"rpa-metrics","1766091165.67628","rpa-metrics-6owjz67-zjk4n","12/18/2025, 8:52:45.435 PM","mcrlabsacr1234.azurecr.io/rpa-metrics:v1.2",ContainerAppConsoleLogs,"08994647-10cf-48d9-bcba-f7d980c57906","5fc0e8e5-24db-4934-ac37-c9e7b80f7cc8","rpa-metrics",stdout,,,"greenpond-ffe669f3","2025-12-18 20:52:45,435 WARNING src.automation.robot - Standard fill failed for tag filter input; retrying with JS.","ContainerAppConsoleLogs_CL",
"f992218d-c0bd-4060-b467-6921cd641fac",RestAPI,,,"12/18/2025, 8:52:51.691 PM",,,"rpa-metrics","1766091170.68335","rpa-metrics-6owjz67-zjk4n","12/18/2025, 8:52:50.447 PM","mcrlabsacr1234.azurecr.io/rpa-metrics:v1.2",ContainerAppConsoleLogs,"08994647-10cf-48d9-bcba-f7d980c57906","5fc0e8e5-24db-4934-ac37-c9e7b80f7cc8","rpa-metrics",stdout,,,"greenpond-ffe669f3","2025-12-18 20:52:50,447 WARNING src.automation.robot - Standard click on Filter button failed; retrying with JS.","ContainerAppConsoleLogs_CL",
"f992218d-c0bd-4060-b467-6921cd641fac",RestAPI,,,"12/18/2025, 8:52:51.691 PM",,,"rpa-metrics","1766091171.18245","rpa-metrics-6owjz67-zjk4n","12/18/2025, 8:52:50.797 PM","mcrlabsacr1234.azurecr.io/rpa-metrics:v1.2",ContainerAppConsoleLogs,"08994647-10cf-48d9-bcba-f7d980c57906","5fc0e8e5-24db-4934-ac37-c9e7b80f7cc8","rpa-metrics",stdout,,,"greenpond-ffe669f3","2025-12-18 20:52:50,796 INFO src.automation.robot - Tag 1A40D030000012D000004230 attempt 1: row count 1","ContainerAppConsoleLogs_CL",
"f992218d-c0bd-4060-b467-6921cd641fac",RestAPI,,,"12/18/2025, 8:52:51.691 PM",,,"rpa-metrics","1766091171.18245","rpa-metrics-6owjz67-zjk4n","12/18/2025, 8:52:50.805 PM","mcrlabsacr1234.azurecr.io/rpa-metrics:v1.2",ContainerAppConsoleLogs,"08994647-10cf-48d9-bcba-f7d980c57906","5fc0e8e5-24db-4934-ac37-c9e7b80f7cc8","rpa-metrics",stdout,,,"greenpond-ffe669f3","2025-12-18 20:52:50,805 INFO src.automation.robot - Applying Tag equals filter for 1A40D030000012D000004234","ContainerAppConsoleLogs_CL",
"f992218d-c0bd-4060-b467-6921cd641fac",RestAPI,,,"12/18/2025, 8:53:34.763 PM",,,"rpa-metrics","1766091214.21046","rpa-metrics-6owjz67-zjk4n","12/18/2025, 8:53:34.195 PM","mcrlabsacr1234.azurecr.io/rpa-metrics:v1.2",ContainerAppConsoleLogs,"08994647-10cf-48d9-bcba-f7d980c57906","5fc0e8e5-24db-4934-ac37-c9e7b80f7cc8","rpa-metrics",stdout,,,"greenpond-ffe669f3","2025-12-18 20:53:34,195 WARNING src.automation.robot - Standard fill failed for tag filter input; retrying with JS.","ContainerAppConsoleLogs_CL",
"f992218d-c0bd-4060-b467-6921cd641fac",RestAPI,,,"12/18/2025, 8:54:13.759 PM",,,"rpa-metrics","1766091252.71887","rpa-metrics-6owjz67-zjk4n","12/18/2025, 8:54:12.554 PM","mcrlabsacr1234.azurecr.io/rpa-metrics:v1.2",ContainerAppConsoleLogs,"08994647-10cf-48d9-bcba-f7d980c57906","5fc0e8e5-24db-4934-ac37-c9e7b80f7cc8","rpa-metrics",stdout,,,"greenpond-ffe669f3","2025-12-18 20:54:12,553 WARNING src.automation.robot - Keyboard navigation to Filter failed; falling back to mouse interaction.","ContainerAppConsoleLogs_CL",
"f992218d-c0bd-4060-b467-6921cd641fac",RestAPI,,,"12/18/2025, 8:46:54.861 PM",,,"rpa-metrics","1766090814.35176","rpa-metrics-6owjz67-zjk4n","12/18/2025, 8:46:54.262 PM","mcrlabsacr1234.azurecr.io/rpa-metrics:v1.2",ContainerAppConsoleLogs,"08994647-10cf-48d9-bcba-f7d980c57906","5fc0e8e5-24db-4934-ac37-c9e7b80f7cc8","rpa-metrics",stdout,,,"greenpond-ffe669f3","2025-12-18 20:46:54,262 WARNING src.automation.robot - Keyboard navigation to Filter failed; falling back to mouse interaction.","ContainerAppConsoleLogs_CL",
"f992218d-c0bd-4060-b467-6921cd641fac",RestAPI,,,"12/18/2025, 8:48:31.755 PM",,,"rpa-metrics","1766090911.46611","rpa-metrics-6owjz67-zjk4n","12/18/2025, 8:48:31.464 PM","mcrlabsacr1234.azurecr.io/rpa-metrics:v1.2",ContainerAppConsoleLogs,"08994647-10cf-48d9-bcba-f7d980c57906","5fc0e8e5-24db-4934-ac37-c9e7b80f7cc8","rpa-metrics",stdout,,,"greenpond-ffe669f3","2025-12-18 20:48:31,464 WARNING src.automation.robot - Keyboard navigation to Filter failed; falling back to mouse interaction.","ContainerAppConsoleLogs_CL",
"f992218d-c0bd-4060-b467-6921cd641fac",RestAPI,,,"12/18/2025, 8:48:42.721 PM",,,"rpa-metrics","1766090921.9774","rpa-metrics-6owjz67-zjk4n","12/18/2025, 8:48:41.728 PM","mcrlabsacr1234.azurecr.io/rpa-metrics:v1.2",ContainerAppConsoleLogs,"08994647-10cf-48d9-bcba-f7d980c57906","5fc0e8e5-24db-4934-ac37-c9e7b80f7cc8","rpa-metrics",stdout,,,"greenpond-ffe669f3","2025-12-18 20:48:41,727 WARNING src.automation.robot - Standard fill failed for tag filter input; retrying with JS.","ContainerAppConsoleLogs_CL",
"f992218d-c0bd-4060-b467-6921cd641fac",RestAPI,,,"12/18/2025, 8:49:20.756 PM",,,"rpa-metrics","1766090960.48011","rpa-metrics-6owjz67-zjk4n","12/18/2025, 8:49:20.351 PM","mcrlabsacr1234.azurecr.io/rpa-metrics:v1.2",ContainerAppConsoleLogs,"08994647-10cf-48d9-bcba-f7d980c57906","5fc0e8e5-24db-4934-ac37-c9e7b80f7cc8","rpa-metrics",stdout,,,"greenpond-ffe669f3","2025-12-18 20:49:20,351 WARNING src.automation.robot - Keyboard navigation to Filter failed; falling back to mouse interaction.","ContainerAppConsoleLogs_CL",
"f992218d-c0bd-4060-b467-6921cd641fac",RestAPI,,,"12/18/2025, 8:49:36.728 PM",,,"rpa-metrics","1766090975.98271","rpa-metrics-6owjz67-zjk4n","12/18/2025, 8:49:35.776 PM","mcrlabsacr1234.azurecr.io/rpa-metrics:v1.2",ContainerAppConsoleLogs,"08994647-10cf-48d9-bcba-f7d980c57906","5fc0e8e5-24db-4934-ac37-c9e7b80f7cc8","rpa-metrics",stdout,,,"greenpond-ffe669f3","2025-12-18 20:49:35,775 WARNING src.automation.robot - Standard click on Filter button failed; retrying with JS.","ContainerAppConsoleLogs_CL",
"f992218d-c0bd-4060-b467-6921cd641fac",RestAPI,,,"12/18/2025, 8:49:36.728 PM",,,"rpa-metrics","1766090976.48346","rpa-metrics-6owjz67-zjk4n","12/18/2025, 8:49:36.029 PM","mcrlabsacr1234.azurecr.io/rpa-metrics:v1.2",ContainerAppConsoleLogs,"08994647-10cf-48d9-bcba-f7d980c57906","5fc0e8e5-24db-4934-ac37-c9e7b80f7cc8","rpa-metrics",stdout,,,"greenpond-ffe669f3","2025-12-18 20:49:36,029 INFO src.automation.robot - Tag 1A40D030000701D000009019 attempt 1: row count 1","ContainerAppConsoleLogs_CL",
"f992218d-c0bd-4060-b467-6921cd641fac",RestAPI,,,"12/18/2025, 8:49:36.728 PM",,,"rpa-metrics","1766090976.48347","rpa-metrics-6owjz67-zjk4n","12/18/2025, 8:49:36.036 PM","mcrlabsacr1234.azurecr.io/rpa-metrics:v1.2",ContainerAppConsoleLogs,"08994647-10cf-48d9-bcba-f7d980c57906","5fc0e8e5-24db-4934-ac37-c9e7b80f7cc8","rpa-metrics",stdout,,,"greenpond-ffe669f3","2025-12-18 20:49:36,036 INFO src.automation.robot - Applying Tag equals filter for 1A40D030000701D000009020","ContainerAppConsoleLogs_CL",
"f992218d-c0bd-4060-b467-6921cd641fac",RestAPI,,,"12/18/2025, 8:51:08.730 PM",,,"rpa-metrics","1766091068.57977","rpa-metrics-6owjz67-zjk4n","12/18/2025, 8:51:08.242 PM","mcrlabsacr1234.azurecr.io/rpa-metrics:v1.2",ContainerAppConsoleLogs,"08994647-10cf-48d9-bcba-f7d980c57906","5fc0e8e5-24db-4934-ac37-c9e7b80f7cc8","rpa-metrics",stdout,,,"greenpond-ffe669f3","2025-12-18 20:51:08,242 WARNING src.automation.robot - Standard fill failed for tag filter input; retrying with JS.","ContainerAppConsoleLogs_CL",
"f992218d-c0bd-4060-b467-6921cd641fac",RestAPI,,,"12/18/2025, 8:53:40.703 PM",,,"rpa-metrics","1766091219.7107","rpa-metrics-6owjz67-zjk4n","12/18/2025, 8:53:39.513 PM","mcrlabsacr1234.azurecr.io/rpa-metrics:v1.2",ContainerAppConsoleLogs,"08994647-10cf-48d9-bcba-f7d980c57906","5fc0e8e5-24db-4934-ac37-c9e7b80f7cc8","rpa-metrics",stdout,,,"greenpond-ffe669f3","2025-12-18 20:53:39,513 INFO src.automation.robot - Tag 1A40D030000012D000004234 attempt 1: row count 1","ContainerAppConsoleLogs_CL",
"f992218d-c0bd-4060-b467-6921cd641fac",RestAPI,,,"12/18/2025, 8:53:40.703 PM",,,"rpa-metrics","1766091219.71071","rpa-metrics-6owjz67-zjk4n","12/18/2025, 8:53:39.520 PM","mcrlabsacr1234.azurecr.io/rpa-metrics:v1.2",ContainerAppConsoleLogs,"08994647-10cf-48d9-bcba-f7d980c57906","5fc0e8e5-24db-4934-ac37-c9e7b80f7cc8","rpa-metrics",stdout,,,"greenpond-ffe669f3","2025-12-18 20:53:39,520 INFO src.automation.robot - Applying Tag equals filter for 1A40D030000012D000004236","ContainerAppConsoleLogs_CL",
"f992218d-c0bd-4060-b467-6921cd641fac",RestAPI,,,"12/18/2025, 8:53:39.764 PM",,,"rpa-metrics","1766091219.21077","rpa-metrics-6owjz67-zjk4n","12/18/2025, 8:53:39.206 PM","mcrlabsacr1234.azurecr.io/rpa-metrics:v1.2",ContainerAppConsoleLogs,"08994647-10cf-48d9-bcba-f7d980c57906","5fc0e8e5-24db-4934-ac37-c9e7b80f7cc8","rpa-metrics",stdout,,,"greenpond-ffe669f3","2025-12-18 20:53:39,205 WARNING src.automation.robot - Standard click on Filter button failed; retrying with JS.","ContainerAppConsoleLogs_CL",
"f992218d-c0bd-4060-b467-6921cd641fac",RestAPI,,,"12/18/2025, 8:54:23.821 PM",,,"rpa-metrics","1766091263.21889","rpa-metrics-6owjz67-zjk4n","12/18/2025, 8:54:22.817 PM","mcrlabsacr1234.azurecr.io/rpa-metrics:v1.2",ContainerAppConsoleLogs,"08994647-10cf-48d9-bcba-f7d980c57906","5fc0e8e5-24db-4934-ac37-c9e7b80f7cc8","rpa-metrics",stdout,,,"greenpond-ffe669f3","2025-12-18 20:54:22,816 WARNING src.automation.robot - Standard fill failed for tag filter input; retrying with JS.","ContainerAppConsoleLogs_CL",
"f992218d-c0bd-4060-b467-6921cd641fac",RestAPI,,,"12/18/2025, 8:55:17.714 PM",,,"rpa-metrics","1766091316.72016","rpa-metrics-6owjz67-zjk4n","12/18/2025, 8:55:16.450 PM","mcrlabsacr1234.azurecr.io/rpa-metrics:v1.2",ContainerAppConsoleLogs,"08994647-10cf-48d9-bcba-f7d980c57906","5fc0e8e5-24db-4934-ac37-c9e7b80f7cc8","rpa-metrics",stdout,,,"greenpond-ffe669f3","2025-12-18 20:55:16,449 WARNING src.automation.robot - Standard click on Filter button failed; retrying with JS.","ContainerAppConsoleLogs_CL",
"f992218d-c0bd-4060-b467-6921cd641fac",RestAPI,,,"12/18/2025, 8:55:17.714 PM",,,"rpa-metrics","1766091317.21883","rpa-metrics-6owjz67-zjk4n","12/18/2025, 8:55:16.922 PM","mcrlabsacr1234.azurecr.io/rpa-metrics:v1.2",ContainerAppConsoleLogs,"08994647-10cf-48d9-bcba-f7d980c57906","5fc0e8e5-24db-4934-ac37-c9e7b80f7cc8","rpa-metrics",stdout,,,"greenpond-ffe669f3","2025-12-18 20:55:16,922 INFO src.automation.robot - Tag 1A40D0300003B61000007500 attempt 1: row count 1","ContainerAppConsoleLogs_CL",
"f992218d-c0bd-4060-b467-6921cd641fac",RestAPI,,,"12/18/2025, 8:55:17.714 PM",,,"rpa-metrics","1766091317.21883","rpa-metrics-6owjz67-zjk4n","12/18/2025, 8:55:17.011 PM","mcrlabsacr1234.azurecr.io/rpa-metrics:v1.2",ContainerAppConsoleLogs,"08994647-10cf-48d9-bcba-f7d980c57906","5fc0e8e5-24db-4934-ac37-c9e7b80f7cc8","rpa-metrics",stdout,,,"greenpond-ffe669f3","2025-12-18 20:55:17,010 INFO src.automation.robot - Applying Tag equals filter for 1A40D030000701D000009034","ContainerAppConsoleLogs_CL",
"f992218d-c0bd-4060-b467-6921cd641fac",RestAPI,,,"12/18/2025, 8:56:01.884 PM",,,"rpa-metrics","1766091360.7182","rpa-metrics-6owjz67-zjk4n","12/18/2025, 8:56:00.458 PM","mcrlabsacr1234.azurecr.io/rpa-metrics:v1.2",ContainerAppConsoleLogs,"08994647-10cf-48d9-bcba-f7d980c57906","5fc0e8e5-24db-4934-ac37-c9e7b80f7cc8","rpa-metrics",stdout,,,"greenpond-ffe669f3","2025-12-18 20:56:00,458 WARNING src.automation.robot - Standard fill failed for tag filter input; retrying with JS.","ContainerAppConsoleLogs_CL",
"f992218d-c0bd-4060-b467-6921cd641fac",RestAPI,,,"12/18/2025, 8:56:06.720 PM",,,"rpa-metrics","1766091365.71875","rpa-metrics-6owjz67-zjk4n","12/18/2025, 8:56:05.469 PM","mcrlabsacr1234.azurecr.io/rpa-metrics:v1.2",ContainerAppConsoleLogs,"08994647-10cf-48d9-bcba-f7d980c57906","5fc0e8e5-24db-4934-ac37-c9e7b80f7cc8","rpa-metrics",stdout,,,"greenpond-ffe669f3","2025-12-18 20:56:05,468 WARNING src.automation.robot - Standard click on Filter button failed; retrying with JS.","ContainerAppConsoleLogs_CL",
"f992218d-c0bd-4060-b467-6921cd641fac",RestAPI,,,"12/18/2025, 8:56:26.805 PM",,,"rpa-metrics","1766091385.71911","rpa-metrics-6owjz67-zjk4n","12/18/2025, 8:56:25.522 PM","mcrlabsacr1234.azurecr.io/rpa-metrics:v1.2",ContainerAppConsoleLogs,"08994647-10cf-48d9-bcba-f7d980c57906","5fc0e8e5-24db-4934-ac37-c9e7b80f7cc8","rpa-metrics",stdout,,,"greenpond-ffe669f3","2025-12-18 20:56:25,522 WARNING src.automation.robot - Table has no rows after waiting.","ContainerAppConsoleLogs_CL",
"f992218d-c0bd-4060-b467-6921cd641fac",RestAPI,,,"12/18/2025, 8:56:26.805 PM",,,"rpa-metrics","1766091385.71911","rpa-metrics-6owjz67-zjk4n","12/18/2025, 8:56:25.531 PM","mcrlabsacr1234.azurecr.io/rpa-metrics:v1.2",ContainerAppConsoleLogs,"08994647-10cf-48d9-bcba-f7d980c57906","5fc0e8e5-24db-4934-ac37-c9e7b80f7cc8","rpa-metrics",stdout,,,"greenpond-ffe669f3","2025-12-18 20:56:25,530 INFO src.automation.robot - Tag 1A40D030000701D000009034 attempt 1: row count 0","ContainerAppConsoleLogs_CL",
"f992218d-c0bd-4060-b467-6921cd641fac",RestAPI,,,"12/18/2025, 8:56:26.805 PM",,,"rpa-metrics","1766091385.71911","rpa-metrics-6owjz67-zjk4n","12/18/2025, 8:56:25.531 PM","mcrlabsacr1234.azurecr.io/rpa-metrics:v1.2",ContainerAppConsoleLogs,"08994647-10cf-48d9-bcba-f7d980c57906","5fc0e8e5-24db-4934-ac37-c9e7b80f7cc8","rpa-metrics",stdout,,,"greenpond-ffe669f3","2025-12-18 20:56:25,531 INFO src.automation.robot - Applying Tag equals filter for 1A40D030000701D000009034","ContainerAppConsoleLogs_CL",
"f992218d-c0bd-4060-b467-6921cd641fac",RestAPI,,,"12/18/2025, 8:56:45.794 PM",,,"rpa-metrics","1766091404.63209","rpa-metrics-6owjz67-zjk4n","12/18/2025, 8:56:44.625 PM","mcrlabsacr1234.azurecr.io/rpa-metrics:v1.2",ContainerAppConsoleLogs,"08994647-10cf-48d9-bcba-f7d980c57906","5fc0e8e5-24db-4934-ac37-c9e7b80f7cc8","rpa-metrics",stdout,,,"greenpond-ffe669f3","2025-12-18 20:56:44,625 ERROR src.services.pipeline - Unhandled error during robot execution: Locator.wait_for: Timeout 10000ms exceeded.","ContainerAppConsoleLogs_CL",
"f992218d-c0bd-4060-b467-6921cd641fac",RestAPI,,,"12/18/2025, 8:56:45.794 PM",,,"rpa-metrics","1766091404.63209","rpa-metrics-6owjz67-zjk4n","12/18/2025, 8:56:44.625 PM","mcrlabsacr1234.azurecr.io/rpa-metrics:v1.2",ContainerAppConsoleLogs,"08994647-10cf-48d9-bcba-f7d980c57906","5fc0e8e5-24db-4934-ac37-c9e7b80f7cc8","rpa-metrics",stdout,,,"greenpond-ffe669f3","Call log:","ContainerAppConsoleLogs_CL",
"f992218d-c0bd-4060-b467-6921cd641fac",RestAPI,,,"12/18/2025, 8:56:45.794 PM",,,"rpa-metrics","1766091404.63209","rpa-metrics-6owjz67-zjk4n","12/18/2025, 8:56:44.625 PM","mcrlabsacr1234.azurecr.io/rpa-metrics:v1.2",ContainerAppConsoleLogs,"08994647-10cf-48d9-bcba-f7d980c57906","5fc0e8e5-24db-4934-ac37-c9e7b80f7cc8","rpa-metrics",stdout,,,"greenpond-ffe669f3","  - waiting for locator(""#active-grid thead.k-grid-header th[data-field='Label']"").first to be visible","ContainerAppConsoleLogs_CL",
"f992218d-c0bd-4060-b467-6921cd641fac",RestAPI,,,"12/18/2025, 8:56:45.794 PM",,,"rpa-metrics","1766091404.63209","rpa-metrics-6owjz67-zjk4n","12/18/2025, 8:56:44.625 PM","mcrlabsacr1234.azurecr.io/rpa-metrics:v1.2",ContainerAppConsoleLogs,"08994647-10cf-48d9-bcba-f7d980c57906","5fc0e8e5-24db-4934-ac37-c9e7b80f7cc8","rpa-metrics",stdout,,,"greenpond-ffe669f3","Traceback (most recent call last):","ContainerAppConsoleLogs_CL",
"f992218d-c0bd-4060-b467-6921cd641fac",RestAPI,,,"12/18/2025, 8:56:45.794 PM",,,"rpa-metrics","1766091404.63209","rpa-metrics-6owjz67-zjk4n","12/18/2025, 8:56:44.625 PM","mcrlabsacr1234.azurecr.io/rpa-metrics:v1.2",ContainerAppConsoleLogs,"08994647-10cf-48d9-bcba-f7d980c57906","5fc0e8e5-24db-4934-ac37-c9e7b80f7cc8","rpa-metrics",stdout,,,"greenpond-ffe669f3","  File ""/app/src/services/pipeline.py"", line 50, in run","ContainerAppConsoleLogs_CL",
"f992218d-c0bd-4060-b467-6921cd641fac",RestAPI,,,"12/18/2025, 8:56:45.794 PM",,,"rpa-metrics","1766091404.63209","rpa-metrics-6owjz67-zjk4n","12/18/2025, 8:56:44.625 PM","mcrlabsacr1234.azurecr.io/rpa-metrics:v1.2",ContainerAppConsoleLogs,"08994647-10cf-48d9-bcba-f7d980c57906","5fc0e8e5-24db-4934-ac37-c9e7b80f7cc8","rpa-metrics",stdout,,,"greenpond-ffe669f3","    updates = robot.verify_status_by_tag(records_for_verification)","ContainerAppConsoleLogs_CL",
"f992218d-c0bd-4060-b467-6921cd641fac",RestAPI,,,"12/18/2025, 8:56:45.794 PM",,,"rpa-metrics","1766091404.63209","rpa-metrics-6owjz67-zjk4n","12/18/2025, 8:56:44.625 PM","mcrlabsacr1234.azurecr.io/rpa-metrics:v1.2",ContainerAppConsoleLogs,"08994647-10cf-48d9-bcba-f7d980c57906","5fc0e8e5-24db-4934-ac37-c9e7b80f7cc8","rpa-metrics",stdout,,,"greenpond-ffe669f3","  File ""/app/src/automation/robot.py"", line 394, in verify_status_by_tag","ContainerAppConsoleLogs_CL",
"f992218d-c0bd-4060-b467-6921cd641fac",RestAPI,,,"12/18/2025, 8:56:45.794 PM",,,"rpa-metrics","1766091404.63209","rpa-metrics-6owjz67-zjk4n","12/18/2025, 8:56:44.625 PM","mcrlabsacr1234.azurecr.io/rpa-metrics:v1.2",ContainerAppConsoleLogs,"08994647-10cf-48d9-bcba-f7d980c57906","5fc0e8e5-24db-4934-ac37-c9e7b80f7cc8","rpa-metrics",stdout,,,"greenpond-ffe669f3","    outcome = self._verify_single_tag(page, metrc_id, current_status)","ContainerAppConsoleLogs_CL",
"f992218d-c0bd-4060-b467-6921cd641fac",RestAPI,,,"12/18/2025, 8:56:45.794 PM",,,"rpa-metrics","1766091404.63209","rpa-metrics-6owjz67-zjk4n","12/18/2025, 8:56:44.625 PM","mcrlabsacr1234.azurecr.io/rpa-metrics:v1.2",ContainerAppConsoleLogs,"08994647-10cf-48d9-bcba-f7d980c57906","5fc0e8e5-24db-4934-ac37-c9e7b80f7cc8","rpa-metrics",stdout,,,"greenpond-ffe669f3","  File ""/app/src/automation/robot.py"", line 402, in _verify_single_tag","ContainerAppConsoleLogs_CL",
"f992218d-c0bd-4060-b467-6921cd641fac",RestAPI,,,"12/18/2025, 8:56:45.794 PM",,,"rpa-metrics","1766091404.6321","rpa-metrics-6owjz67-zjk4n","12/18/2025, 8:56:44.625 PM","mcrlabsacr1234.azurecr.io/rpa-metrics:v1.2",ContainerAppConsoleLogs,"08994647-10cf-48d9-bcba-f7d980c57906","5fc0e8e5-24db-4934-ac37-c9e7b80f7cc8","rpa-metrics",stdout,,,"greenpond-ffe669f3","    self._apply_tag_filter(page, metrc_id)","ContainerAppConsoleLogs_CL",
"f992218d-c0bd-4060-b467-6921cd641fac",RestAPI,,,"12/18/2025, 8:56:45.794 PM",,,"rpa-metrics","1766091404.6321","rpa-metrics-6owjz67-zjk4n","12/18/2025, 8:56:44.625 PM","mcrlabsacr1234.azurecr.io/rpa-metrics:v1.2",ContainerAppConsoleLogs,"08994647-10cf-48d9-bcba-f7d980c57906","5fc0e8e5-24db-4934-ac37-c9e7b80f7cc8","rpa-metrics",stdout,,,"greenpond-ffe669f3","  File ""/app/src/automation/robot.py"", line 447, in _apply_tag_filter","ContainerAppConsoleLogs_CL",
"f992218d-c0bd-4060-b467-6921cd641fac",RestAPI,,,"12/18/2025, 8:56:45.794 PM",,,"rpa-metrics","1766091404.6321","rpa-metrics-6owjz67-zjk4n","12/18/2025, 8:56:44.625 PM","mcrlabsacr1234.azurecr.io/rpa-metrics:v1.2",ContainerAppConsoleLogs,"08994647-10cf-48d9-bcba-f7d980c57906","5fc0e8e5-24db-4934-ac37-c9e7b80f7cc8","rpa-metrics",stdout,,,"greenpond-ffe669f3","    column_header.wait_for(state=""visible"", timeout=10_000)","ContainerAppConsoleLogs_CL",
"f992218d-c0bd-4060-b467-6921cd641fac",RestAPI,,,"12/18/2025, 8:56:45.794 PM",,,"rpa-metrics","1766091404.6321","rpa-metrics-6owjz67-zjk4n","12/18/2025, 8:56:44.625 PM","mcrlabsacr1234.azurecr.io/rpa-metrics:v1.2",ContainerAppConsoleLogs,"08994647-10cf-48d9-bcba-f7d980c57906","5fc0e8e5-24db-4934-ac37-c9e7b80f7cc8","rpa-metrics",stdout,,,"greenpond-ffe669f3","  File ""/usr/local/lib/python3.10/dist-packages/playwright/sync_api/_generated.py"", line 18005, in wait_for","ContainerAppConsoleLogs_CL",
"f992218d-c0bd-4060-b467-6921cd641fac",RestAPI,,,"12/18/2025, 8:56:45.794 PM",,,"rpa-metrics","1766091404.6321","rpa-metrics-6owjz67-zjk4n","12/18/2025, 8:56:44.625 PM","mcrlabsacr1234.azurecr.io/rpa-metrics:v1.2",ContainerAppConsoleLogs,"08994647-10cf-48d9-bcba-f7d980c57906","5fc0e8e5-24db-4934-ac37-c9e7b80f7cc8","rpa-metrics",stdout,,,"greenpond-ffe669f3","    self._sync(self._impl_obj.wait_for(timeout=timeout, state=state))","ContainerAppConsoleLogs_CL",
"f992218d-c0bd-4060-b467-6921cd641fac",RestAPI,,,"12/18/2025, 8:56:45.794 PM",,,"rpa-metrics","1766091404.6321","rpa-metrics-6owjz67-zjk4n","12/18/2025, 8:56:44.625 PM","mcrlabsacr1234.azurecr.io/rpa-metrics:v1.2",ContainerAppConsoleLogs,"08994647-10cf-48d9-bcba-f7d980c57906","5fc0e8e5-24db-4934-ac37-c9e7b80f7cc8","rpa-metrics",stderr,,,"greenpond-ffe669f3","Traceback (most recent call last):","ContainerAppConsoleLogs_CL",
"f992218d-c0bd-4060-b467-6921cd641fac",RestAPI,,,"12/18/2025, 8:56:45.794 PM",,,"rpa-metrics","1766091404.6321","rpa-metrics-6owjz67-zjk4n","12/18/2025, 8:56:44.625 PM","mcrlabsacr1234.azurecr.io/rpa-metrics:v1.2",ContainerAppConsoleLogs,"08994647-10cf-48d9-bcba-f7d980c57906","5fc0e8e5-24db-4934-ac37-c9e7b80f7cc8","rpa-metrics",stderr,,,"greenpond-ffe669f3","  File ""/app/robot_metrc.py"", line 7, in <module>","ContainerAppConsoleLogs_CL",
"f992218d-c0bd-4060-b467-6921cd641fac",RestAPI,,,"12/18/2025, 8:56:45.794 PM",,,"rpa-metrics","1766091404.6321","rpa-metrics-6owjz67-zjk4n","12/18/2025, 8:56:44.625 PM","mcrlabsacr1234.azurecr.io/rpa-metrics:v1.2",ContainerAppConsoleLogs,"08994647-10cf-48d9-bcba-f7d980c57906","5fc0e8e5-24db-4934-ac37-c9e7b80f7cc8","rpa-metrics",stdout,,,"greenpond-ffe669f3","  File ""/usr/local/lib/python3.10/dist-packages/playwright/_impl/_sync_base.py"", line 115, in _sync","ContainerAppConsoleLogs_CL",
"f992218d-c0bd-4060-b467-6921cd641fac",RestAPI,,,"12/18/2025, 8:56:45.794 PM",,,"rpa-metrics","1766091404.6321","rpa-metrics-6owjz67-zjk4n","12/18/2025, 8:56:44.626 PM","mcrlabsacr1234.azurecr.io/rpa-metrics:v1.2",ContainerAppConsoleLogs,"08994647-10cf-48d9-bcba-f7d980c57906","5fc0e8e5-24db-4934-ac37-c9e7b80f7cc8","rpa-metrics",stdout,,,"greenpond-ffe669f3","    return task.result()","ContainerAppConsoleLogs_CL",
"f992218d-c0bd-4060-b467-6921cd641fac",RestAPI,,,"12/18/2025, 8:56:45.794 PM",,,"rpa-metrics","1766091404.6321","rpa-metrics-6owjz67-zjk4n","12/18/2025, 8:56:44.626 PM","mcrlabsacr1234.azurecr.io/rpa-metrics:v1.2",ContainerAppConsoleLogs,"08994647-10cf-48d9-bcba-f7d980c57906","5fc0e8e5-24db-4934-ac37-c9e7b80f7cc8","rpa-metrics",stdout,,,"greenpond-ffe669f3","  File ""/usr/local/lib/python3.10/dist-packages/playwright/_impl/_locator.py"", line 692, in wait_for","ContainerAppConsoleLogs_CL",
"f992218d-c0bd-4060-b467-6921cd641fac",RestAPI,,,"12/18/2025, 8:56:45.794 PM",,,"rpa-metrics","1766091404.6321","rpa-metrics-6owjz67-zjk4n","12/18/2025, 8:56:44.626 PM","mcrlabsacr1234.azurecr.io/rpa-metrics:v1.2",ContainerAppConsoleLogs,"08994647-10cf-48d9-bcba-f7d980c57906","5fc0e8e5-24db-4934-ac37-c9e7b80f7cc8","rpa-metrics",stdout,,,"greenpond-ffe669f3","    await self._frame.wait_for_selector(","ContainerAppConsoleLogs_CL",
"f992218d-c0bd-4060-b467-6921cd641fac",RestAPI,,,"12/18/2025, 8:56:45.794 PM",,,"rpa-metrics","1766091404.6321","rpa-metrics-6owjz67-zjk4n","12/18/2025, 8:56:44.626 PM","mcrlabsacr1234.azurecr.io/rpa-metrics:v1.2",ContainerAppConsoleLogs,"08994647-10cf-48d9-bcba-f7d980c57906","5fc0e8e5-24db-4934-ac37-c9e7b80f7cc8","rpa-metrics",stdout,,,"greenpond-ffe669f3","  File ""/usr/local/lib/python3.10/dist-packages/playwright/_impl/_frame.py"", line 369, in wait_for_selector","ContainerAppConsoleLogs_CL",
"f992218d-c0bd-4060-b467-6921cd641fac",RestAPI,,,"12/18/2025, 8:56:45.794 PM",,,"rpa-metrics","1766091404.6321","rpa-metrics-6owjz67-zjk4n","12/18/2025, 8:56:44.626 PM","mcrlabsacr1234.azurecr.io/rpa-metrics:v1.2",ContainerAppConsoleLogs,"08994647-10cf-48d9-bcba-f7d980c57906","5fc0e8e5-24db-4934-ac37-c9e7b80f7cc8","rpa-metrics",stdout,,,"greenpond-ffe669f3","    await self._channel.send(","ContainerAppConsoleLogs_CL",
"f992218d-c0bd-4060-b467-6921cd641fac",RestAPI,,,"12/18/2025, 8:56:45.794 PM",,,"rpa-metrics","1766091404.6321","rpa-metrics-6owjz67-zjk4n","12/18/2025, 8:56:44.626 PM","mcrlabsacr1234.azurecr.io/rpa-metrics:v1.2",ContainerAppConsoleLogs,"08994647-10cf-48d9-bcba-f7d980c57906","5fc0e8e5-24db-4934-ac37-c9e7b80f7cc8","rpa-metrics",stdout,,,"greenpond-ffe669f3","  File ""/usr/local/lib/python3.10/dist-packages/playwright/_impl/_connection.py"", line 69, in send","ContainerAppConsoleLogs_CL",
"f992218d-c0bd-4060-b467-6921cd641fac",RestAPI,,,"12/18/2025, 8:56:45.794 PM",,,"rpa-metrics","1766091404.6321","rpa-metrics-6owjz67-zjk4n","12/18/2025, 8:56:44.626 PM","mcrlabsacr1234.azurecr.io/rpa-metrics:v1.2",ContainerAppConsoleLogs,"08994647-10cf-48d9-bcba-f7d980c57906","5fc0e8e5-24db-4934-ac37-c9e7b80f7cc8","rpa-metrics",stdout,,,"greenpond-ffe669f3","    return await self._connection.wrap_api_call(","ContainerAppConsoleLogs_CL",
"f992218d-c0bd-4060-b467-6921cd641fac",RestAPI,,,"12/18/2025, 8:56:45.794 PM",,,"rpa-metrics","1766091404.6321","rpa-metrics-6owjz67-zjk4n","12/18/2025, 8:56:44.626 PM","mcrlabsacr1234.azurecr.io/rpa-metrics:v1.2",ContainerAppConsoleLogs,"08994647-10cf-48d9-bcba-f7d980c57906","5fc0e8e5-24db-4934-ac37-c9e7b80f7cc8","rpa-metrics",stdout,,,"greenpond-ffe669f3","  File ""/usr/local/lib/python3.10/dist-packages/playwright/_impl/_connection.py"", line 559, in wrap_api_call","ContainerAppConsoleLogs_CL",
"f992218d-c0bd-4060-b467-6921cd641fac",RestAPI,,,"12/18/2025, 8:56:45.794 PM",,,"rpa-metrics","1766091404.6321","rpa-metrics-6owjz67-zjk4n","12/18/2025, 8:56:44.626 PM","mcrlabsacr1234.azurecr.io/rpa-metrics:v1.2",ContainerAppConsoleLogs,"08994647-10cf-48d9-bcba-f7d980c57906","5fc0e8e5-24db-4934-ac37-c9e7b80f7cc8","rpa-metrics",stdout,,,"greenpond-ffe669f3","    raise rewrite_error(error, f""{parsed_st['apiName']}: {error}"") from None","ContainerAppConsoleLogs_CL",
"f992218d-c0bd-4060-b467-6921cd641fac",RestAPI,,,"12/18/2025, 8:56:45.794 PM",,,"rpa-metrics","1766091404.6321","rpa-metrics-6owjz67-zjk4n","12/18/2025, 8:56:44.626 PM","mcrlabsacr1234.azurecr.io/rpa-metrics:v1.2",ContainerAppConsoleLogs,"08994647-10cf-48d9-bcba-f7d980c57906","5fc0e8e5-24db-4934-ac37-c9e7b80f7cc8","rpa-metrics",stdout,,,"greenpond-ffe669f3","playwright._impl._errors.TimeoutError: Locator.wait_for: Timeout 10000ms exceeded.","ContainerAppConsoleLogs_CL",
"f992218d-c0bd-4060-b467-6921cd641fac",RestAPI,,,"12/18/2025, 8:56:45.794 PM",,,"rpa-metrics","1766091404.6321","rpa-metrics-6owjz67-zjk4n","12/18/2025, 8:56:44.626 PM","mcrlabsacr1234.azurecr.io/rpa-metrics:v1.2",ContainerAppConsoleLogs,"08994647-10cf-48d9-bcba-f7d980c57906","5fc0e8e5-24db-4934-ac37-c9e7b80f7cc8","rpa-metrics",stdout,,,"greenpond-ffe669f3","Call log:","ContainerAppConsoleLogs_CL",
"f992218d-c0bd-4060-b467-6921cd641fac",RestAPI,,,"12/18/2025, 8:56:45.794 PM",,,"rpa-metrics","1766091404.6321","rpa-metrics-6owjz67-zjk4n","12/18/2025, 8:56:44.626 PM","mcrlabsacr1234.azurecr.io/rpa-metrics:v1.2",ContainerAppConsoleLogs,"08994647-10cf-48d9-bcba-f7d980c57906","5fc0e8e5-24db-4934-ac37-c9e7b80f7cc8","rpa-metrics",stdout,,,"greenpond-ffe669f3","  - waiting for locator(""#active-grid thead.k-grid-header th[data-field='Label']"").first to be visible","ContainerAppConsoleLogs_CL",
"f992218d-c0bd-4060-b467-6921cd641fac",RestAPI,,,"12/18/2025, 8:56:45.794 PM",,,"rpa-metrics","1766091404.6321","rpa-metrics-6owjz67-zjk4n","12/18/2025, 8:56:44.626 PM","mcrlabsacr1234.azurecr.io/rpa-metrics:v1.2",ContainerAppConsoleLogs,"08994647-10cf-48d9-bcba-f7d980c57906","5fc0e8e5-24db-4934-ac37-c9e7b80f7cc8","rpa-metrics",stdout,,,"greenpond-ffe669f3",,"ContainerAppConsoleLogs_CL",
"f992218d-c0bd-4060-b467-6921cd641fac",RestAPI,,,"12/18/2025, 8:56:45.794 PM",,,"rpa-metrics","1766091404.6321","rpa-metrics-6owjz67-zjk4n","12/18/2025, 8:56:44.630 PM","mcrlabsacr1234.azurecr.io/rpa-metrics:v1.2",ContainerAppConsoleLogs,"08994647-10cf-48d9-bcba-f7d980c57906","5fc0e8e5-24db-4934-ac37-c9e7b80f7cc8","rpa-metrics",stderr,,,"greenpond-ffe669f3","    main()","ContainerAppConsoleLogs_CL",
"f992218d-c0bd-4060-b467-6921cd641fac",RestAPI,,,"12/18/2025, 8:56:45.794 PM",,,"rpa-metrics","1766091404.6321","rpa-metrics-6owjz67-zjk4n","12/18/2025, 8:56:44.630 PM","mcrlabsacr1234.azurecr.io/rpa-metrics:v1.2",ContainerAppConsoleLogs,"08994647-10cf-48d9-bcba-f7d980c57906","5fc0e8e5-24db-4934-ac37-c9e7b80f7cc8","rpa-metrics",stderr,,,"greenpond-ffe669f3","  File ""/app/src/cli/metrc.py"", line 24, in main","ContainerAppConsoleLogs_CL",
"f992218d-c0bd-4060-b467-6921cd641fac",RestAPI,,,"12/18/2025, 8:56:45.794 PM",,,"rpa-metrics","1766091404.6321","rpa-metrics-6owjz67-zjk4n","12/18/2025, 8:56:44.630 PM","mcrlabsacr1234.azurecr.io/rpa-metrics:v1.2",ContainerAppConsoleLogs,"08994647-10cf-48d9-bcba-f7d980c57906","5fc0e8e5-24db-4934-ac37-c9e7b80f7cc8","rpa-metrics",stderr,,,"greenpond-ffe669f3","    run(date_range_days=args.days)","ContainerAppConsoleLogs_CL",
"f992218d-c0bd-4060-b467-6921cd641fac",RestAPI,,,"12/18/2025, 8:56:45.794 PM",,,"rpa-metrics","1766091404.63211","rpa-metrics-6owjz67-zjk4n","12/18/2025, 8:56:44.630 PM","mcrlabsacr1234.azurecr.io/rpa-metrics:v1.2",ContainerAppConsoleLogs,"08994647-10cf-48d9-bcba-f7d980c57906","5fc0e8e5-24db-4934-ac37-c9e7b80f7cc8","rpa-metrics",stderr,,,"greenpond-ffe669f3","  File ""/app/src/services/pipeline.py"", line 50, in run","ContainerAppConsoleLogs_CL",
"f992218d-c0bd-4060-b467-6921cd641fac",RestAPI,,,"12/18/2025, 8:56:45.794 PM",,,"rpa-metrics","1766091404.63211","rpa-metrics-6owjz67-zjk4n","12/18/2025, 8:56:44.630 PM","mcrlabsacr1234.azurecr.io/rpa-metrics:v1.2",ContainerAppConsoleLogs,"08994647-10cf-48d9-bcba-f7d980c57906","5fc0e8e5-24db-4934-ac37-c9e7b80f7cc8","rpa-metrics",stderr,,,"greenpond-ffe669f3","    updates = robot.verify_status_by_tag(records_for_verification)","ContainerAppConsoleLogs_CL",
"f992218d-c0bd-4060-b467-6921cd641fac",RestAPI,,,"12/18/2025, 8:56:45.794 PM",,,"rpa-metrics","1766091404.63211","rpa-metrics-6owjz67-zjk4n","12/18/2025, 8:56:44.630 PM","mcrlabsacr1234.azurecr.io/rpa-metrics:v1.2",ContainerAppConsoleLogs,"08994647-10cf-48d9-bcba-f7d980c57906","5fc0e8e5-24db-4934-ac37-c9e7b80f7cc8","rpa-metrics",stderr,,,"greenpond-ffe669f3","  File ""/app/src/automation/robot.py"", line 394, in verify_status_by_tag","ContainerAppConsoleLogs_CL",
"f992218d-c0bd-4060-b467-6921cd641fac",RestAPI,,,"12/18/2025, 8:56:45.794 PM",,,"rpa-metrics","1766091404.63211","rpa-metrics-6owjz67-zjk4n","12/18/2025, 8:56:44.631 PM","mcrlabsacr1234.azurecr.io/rpa-metrics:v1.2",ContainerAppConsoleLogs,"08994647-10cf-48d9-bcba-f7d980c57906","5fc0e8e5-24db-4934-ac37-c9e7b80f7cc8","rpa-metrics",stderr,,,"greenpond-ffe669f3","    outcome = self._verify_single_tag(page, metrc_id, current_status)","ContainerAppConsoleLogs_CL",
"f992218d-c0bd-4060-b467-6921cd641fac",RestAPI,,,"12/18/2025, 8:56:45.794 PM",,,"rpa-metrics","1766091404.63211","rpa-metrics-6owjz67-zjk4n","12/18/2025, 8:56:44.631 PM","mcrlabsacr1234.azurecr.io/rpa-metrics:v1.2",ContainerAppConsoleLogs,"08994647-10cf-48d9-bcba-f7d980c57906","5fc0e8e5-24db-4934-ac37-c9e7b80f7cc8","rpa-metrics",stderr,,,"greenpond-ffe669f3","  File ""/app/src/automation/robot.py"", line 402, in _verify_single_tag","ContainerAppConsoleLogs_CL",
"f992218d-c0bd-4060-b467-6921cd641fac",RestAPI,,,"12/18/2025, 8:56:45.794 PM",,,"rpa-metrics","1766091404.63211","rpa-metrics-6owjz67-zjk4n","12/18/2025, 8:56:44.631 PM","mcrlabsacr1234.azurecr.io/rpa-metrics:v1.2",ContainerAppConsoleLogs,"08994647-10cf-48d9-bcba-f7d980c57906","5fc0e8e5-24db-4934-ac37-c9e7b80f7cc8","rpa-metrics",stderr,,,"greenpond-ffe669f3","    self._apply_tag_filter(page, metrc_id)","ContainerAppConsoleLogs_CL",
"f992218d-c0bd-4060-b467-6921cd641fac",RestAPI,,,"12/18/2025, 8:56:45.794 PM",,,"rpa-metrics","1766091404.63211","rpa-metrics-6owjz67-zjk4n","12/18/2025, 8:56:44.631 PM","mcrlabsacr1234.azurecr.io/rpa-metrics:v1.2",ContainerAppConsoleLogs,"08994647-10cf-48d9-bcba-f7d980c57906","5fc0e8e5-24db-4934-ac37-c9e7b80f7cc8","rpa-metrics",stderr,,,"greenpond-ffe669f3","  File ""/app/src/automation/robot.py"", line 447, in _apply_tag_filter","ContainerAppConsoleLogs_CL",
"f992218d-c0bd-4060-b467-6921cd641fac",RestAPI,,,"12/18/2025, 8:56:45.794 PM",,,"rpa-metrics","1766091404.71917","rpa-metrics-6owjz67-zjk4n","12/18/2025, 8:56:44.631 PM","mcrlabsacr1234.azurecr.io/rpa-metrics:v1.2",ContainerAppConsoleLogs,"08994647-10cf-48d9-bcba-f7d980c57906","5fc0e8e5-24db-4934-ac37-c9e7b80f7cc8","rpa-metrics",stderr,,,"greenpond-ffe669f3","    column_header.wait_for(state=""visible"", timeout=10_000)","ContainerAppConsoleLogs_CL",
"f992218d-c0bd-4060-b467-6921cd641fac",RestAPI,,,"12/18/2025, 8:56:45.794 PM",,,"rpa-metrics","1766091404.71918","rpa-metrics-6owjz67-zjk4n","12/18/2025, 8:56:44.631 PM","mcrlabsacr1234.azurecr.io/rpa-metrics:v1.2",ContainerAppConsoleLogs,"08994647-10cf-48d9-bcba-f7d980c57906","5fc0e8e5-24db-4934-ac37-c9e7b80f7cc8","rpa-metrics",stderr,,,"greenpond-ffe669f3","  File ""/usr/local/lib/python3.10/dist-packages/playwright/sync_api/_generated.py"", line 18005, in wait_for","ContainerAppConsoleLogs_CL",
"f992218d-c0bd-4060-b467-6921cd641fac",RestAPI,,,"12/18/2025, 8:56:45.794 PM",,,"rpa-metrics","1766091404.71918","rpa-metrics-6owjz67-zjk4n","12/18/2025, 8:56:44.636 PM","mcrlabsacr1234.azurecr.io/rpa-metrics:v1.2",ContainerAppConsoleLogs,"08994647-10cf-48d9-bcba-f7d980c57906","5fc0e8e5-24db-4934-ac37-c9e7b80f7cc8","rpa-metrics",stderr,,,"greenpond-ffe669f3","    self._sync(self._impl_obj.wait_for(timeout=timeout, state=state))","ContainerAppConsoleLogs_CL",
"f992218d-c0bd-4060-b467-6921cd641fac",RestAPI,,,"12/18/2025, 8:56:45.794 PM",,,"rpa-metrics","1766091404.71918","rpa-metrics-6owjz67-zjk4n","12/18/2025, 8:56:44.636 PM","mcrlabsacr1234.azurecr.io/rpa-metrics:v1.2",ContainerAppConsoleLogs,"08994647-10cf-48d9-bcba-f7d980c57906","5fc0e8e5-24db-4934-ac37-c9e7b80f7cc8","rpa-metrics",stderr,,,"greenpond-ffe669f3","  File ""/usr/local/lib/python3.10/dist-packages/playwright/_impl/_sync_base.py"", line 115, in _sync","ContainerAppConsoleLogs_CL",
"f992218d-c0bd-4060-b467-6921cd641fac",RestAPI,,,"12/18/2025, 8:56:45.794 PM",,,"rpa-metrics","1766091404.71918","rpa-metrics-6owjz67-zjk4n","12/18/2025, 8:56:44.637 PM","mcrlabsacr1234.azurecr.io/rpa-metrics:v1.2",ContainerAppConsoleLogs,"08994647-10cf-48d9-bcba-f7d980c57906","5fc0e8e5-24db-4934-ac37-c9e7b80f7cc8","rpa-metrics",stderr,,,"greenpond-ffe669f3","    return task.result()","ContainerAppConsoleLogs_CL",
"f992218d-c0bd-4060-b467-6921cd641fac",RestAPI,,,"12/18/2025, 8:56:45.794 PM",,,"rpa-metrics","1766091404.71918","rpa-metrics-6owjz67-zjk4n","12/18/2025, 8:56:44.637 PM","mcrlabsacr1234.azurecr.io/rpa-metrics:v1.2",ContainerAppConsoleLogs,"08994647-10cf-48d9-bcba-f7d980c57906","5fc0e8e5-24db-4934-ac37-c9e7b80f7cc8","rpa-metrics",stderr,,,"greenpond-ffe669f3","  File ""/usr/local/lib/python3.10/dist-packages/playwright/_impl/_locator.py"", line 692, in wait_for","ContainerAppConsoleLogs_CL",
"f992218d-c0bd-4060-b467-6921cd641fac",RestAPI,,,"12/18/2025, 8:56:45.794 PM",,,"rpa-metrics","1766091404.71918","rpa-metrics-6owjz67-zjk4n","12/18/2025, 8:56:44.637 PM","mcrlabsacr1234.azurecr.io/rpa-metrics:v1.2",ContainerAppConsoleLogs,"08994647-10cf-48d9-bcba-f7d980c57906","5fc0e8e5-24db-4934-ac37-c9e7b80f7cc8","rpa-metrics",stderr,,,"greenpond-ffe669f3","    await self._frame.wait_for_selector(","ContainerAppConsoleLogs_CL",
"f992218d-c0bd-4060-b467-6921cd641fac",RestAPI,,,"12/18/2025, 8:56:45.794 PM",,,"rpa-metrics","1766091404.71918","rpa-metrics-6owjz67-zjk4n","12/18/2025, 8:56:44.637 PM","mcrlabsacr1234.azurecr.io/rpa-metrics:v1.2",ContainerAppConsoleLogs,"08994647-10cf-48d9-bcba-f7d980c57906","5fc0e8e5-24db-4934-ac37-c9e7b80f7cc8","rpa-metrics",stderr,,,"greenpond-ffe669f3","  File ""/usr/local/lib/python3.10/dist-packages/playwright/_impl/_frame.py"", line 369, in wait_for_selector","ContainerAppConsoleLogs_CL",
"f992218d-c0bd-4060-b467-6921cd641fac",RestAPI,,,"12/18/2025, 8:56:45.794 PM",,,"rpa-metrics","1766091404.71918","rpa-metrics-6owjz67-zjk4n","12/18/2025, 8:56:44.637 PM","mcrlabsacr1234.azurecr.io/rpa-metrics:v1.2",ContainerAppConsoleLogs,"08994647-10cf-48d9-bcba-f7d980c57906","5fc0e8e5-24db-4934-ac37-c9e7b80f7cc8","rpa-metrics",stderr,,,"greenpond-ffe669f3","    await self._channel.send(","ContainerAppConsoleLogs_CL",
"f992218d-c0bd-4060-b467-6921cd641fac",RestAPI,,,"12/18/2025, 8:56:45.794 PM",,,"rpa-metrics","1766091404.71918","rpa-metrics-6owjz67-zjk4n","12/18/2025, 8:56:44.637 PM","mcrlabsacr1234.azurecr.io/rpa-metrics:v1.2",ContainerAppConsoleLogs,"08994647-10cf-48d9-bcba-f7d980c57906","5fc0e8e5-24db-4934-ac37-c9e7b80f7cc8","rpa-metrics",stderr,,,"greenpond-ffe669f3","  File ""/usr/local/lib/python3.10/dist-packages/playwright/_impl/_connection.py"", line 69, in send","ContainerAppConsoleLogs_CL",
"f992218d-c0bd-4060-b467-6921cd641fac",RestAPI,,,"12/18/2025, 8:56:45.794 PM",,,"rpa-metrics","1766091404.71918","rpa-metrics-6owjz67-zjk4n","12/18/2025, 8:56:44.637 PM","mcrlabsacr1234.azurecr.io/rpa-metrics:v1.2",ContainerAppConsoleLogs,"08994647-10cf-48d9-bcba-f7d980c57906","5fc0e8e5-24db-4934-ac37-c9e7b80f7cc8","rpa-metrics",stderr,,,"greenpond-ffe669f3","    return await self._connection.wrap_api_call(","ContainerAppConsoleLogs_CL",
"f992218d-c0bd-4060-b467-6921cd641fac",RestAPI,,,"12/18/2025, 8:56:45.794 PM",,,"rpa-metrics","1766091404.71918","rpa-metrics-6owjz67-zjk4n","12/18/2025, 8:56:44.637 PM","mcrlabsacr1234.azurecr.io/rpa-metrics:v1.2",ContainerAppConsoleLogs,"08994647-10cf-48d9-bcba-f7d980c57906","5fc0e8e5-24db-4934-ac37-c9e7b80f7cc8","rpa-metrics",stderr,,,"greenpond-ffe669f3","  File ""/usr/local/lib/python3.10/dist-packages/playwright/_impl/_connection.py"", line 559, in wrap_api_call","ContainerAppConsoleLogs_CL",
"f992218d-c0bd-4060-b467-6921cd641fac",RestAPI,,,"12/18/2025, 8:56:45.794 PM",,,"rpa-metrics","1766091404.71918","rpa-metrics-6owjz67-zjk4n","12/18/2025, 8:56:44.638 PM","mcrlabsacr1234.azurecr.io/rpa-metrics:v1.2",ContainerAppConsoleLogs,"08994647-10cf-48d9-bcba-f7d980c57906","5fc0e8e5-24db-4934-ac37-c9e7b80f7cc8","rpa-metrics",stderr,,,"greenpond-ffe669f3","    raise rewrite_error(error, f""{parsed_st['apiName']}: {error}"") from None","ContainerAppConsoleLogs_CL",
"f992218d-c0bd-4060-b467-6921cd641fac",RestAPI,,,"12/18/2025, 8:56:45.794 PM",,,"rpa-metrics","1766091404.71918","rpa-metrics-6owjz67-zjk4n","12/18/2025, 8:56:44.638 PM","mcrlabsacr1234.azurecr.io/rpa-metrics:v1.2",ContainerAppConsoleLogs,"08994647-10cf-48d9-bcba-f7d980c57906","5fc0e8e5-24db-4934-ac37-c9e7b80f7cc8","rpa-metrics",stderr,,,"greenpond-ffe669f3","playwright._impl._errors.TimeoutError: Locator.wait_for: Timeout 10000ms exceeded.","ContainerAppConsoleLogs_CL",
"f992218d-c0bd-4060-b467-6921cd641fac",RestAPI,,,"12/18/2025, 8:56:45.794 PM",,,"rpa-metrics","1766091404.71918","rpa-metrics-6owjz67-zjk4n","12/18/2025, 8:56:44.638 PM","mcrlabsacr1234.azurecr.io/rpa-metrics:v1.2",ContainerAppConsoleLogs,"08994647-10cf-48d9-bcba-f7d980c57906","5fc0e8e5-24db-4934-ac37-c9e7b80f7cc8","rpa-metrics",stderr,,,"greenpond-ffe669f3","Call log:","ContainerAppConsoleLogs_CL",
"f992218d-c0bd-4060-b467-6921cd641fac",RestAPI,,,"12/18/2025, 8:56:45.794 PM",,,"rpa-metrics","1766091404.71918","rpa-metrics-6owjz67-zjk4n","12/18/2025, 8:56:44.638 PM","mcrlabsacr1234.azurecr.io/rpa-metrics:v1.2",ContainerAppConsoleLogs,"08994647-10cf-48d9-bcba-f7d980c57906","5fc0e8e5-24db-4934-ac37-c9e7b80f7cc8","rpa-metrics",stderr,,,"greenpond-ffe669f3","  - waiting for locator(""#active-grid thead.k-grid-header th[data-field='Label']"").first to be visible","ContainerAppConsoleLogs_CL",
"f992218d-c0bd-4060-b467-6921cd641fac",RestAPI,,,"12/18/2025, 8:56:45.794 PM",,,"rpa-metrics","1766091404.71918","rpa-metrics-6owjz67-zjk4n","12/18/2025, 8:56:44.638 PM","mcrlabsacr1234.azurecr.io/rpa-metrics:v1.2",ContainerAppConsoleLogs,"08994647-10cf-48d9-bcba-f7d980c57906","5fc0e8e5-24db-4934-ac37-c9e7b80f7cc8","rpa-metrics",stderr,,,"greenpond-ffe669f3",,"ContainerAppConsoleLogs_CL",
